season,week,celebrity,judge_score,FanVote%,method
1,1,Evander Holyfield,18.0,16.666666666666664,Rank
1,1,Joey McIntyre,20.0,16.666666666666664,Rank
1,1,John O'Hurley,20.0,16.666666666666664,Rank
1,1,Kelly Monaco,13.0,16.666666666666664,Rank
1,1,Rachel Hunter,20.0,16.666666666666664,Rank
1,1,Trista Sutter,18.0,16.666666666666664,Rank
1,2,Evander Holyfield,14.0,16.679766666666673,Rank
1,2,Joey McIntyre,21.0,16.66676666666666,Rank
1,2,John O'Hurley,26.0,16.666966666666664,Rank
1,2,Kelly Monaco,17.0,16.67396666666667,Rank
1,2,Rachel Hunter,24.0,16.66486666666666,Rank
1,2,Trista Sutter,19.0,16.64766666666666,Rank
1,3,Evander Holyfield,13.0,19.991733333333325,Rank
1,3,Joey McIntyre,22.0,20.00186666666666,Rank
1,3,John O'Hurley,24.0,20.000666666666664,Rank
1,3,Kelly Monaco,21.0,20.005200000000002,Rank
1,3,Rachel Hunter,26.0,20.00053333333333,Rank
1,4,Joey McIntyre,20.0,25.011,Rank
1,4,John O'Hurley,21.0,25.003000000000004,Rank
1,4,Kelly Monaco,26.0,24.999000000000002,Rank
1,4,Rachel Hunter,25.0,24.987000000000002,Rank
1,5,Joey McIntyre,22.5,33.33333333333333,Rank
1,5,John O'Hurley,27.0,33.33333333333333,Rank
1,5,Kelly Monaco,23.5,33.33333333333333,Rank
1,6,John O'Hurley,27.0,50.0,Rank
1,6,Kelly Monaco,27.5,50.0,Rank
2,1,Drew Lachey,24.0,9.999399999999998,Rank
2,1,George Hamilton,18.0,10.0098,Rank
2,1,Giselle Fernandez,23.0,9.994199999999998,Rank
2,1,Jerry Rice,21.0,10.003,Rank
2,1,Kenny Mayne,13.0,9.970199999999998,Rank
2,1,Lisa Rinna,19.0,10.0016,Rank
2,1,Master P,12.0,10.017000000000001,Rank
2,1,Stacy Keibler,22.0,10.000800000000002,Rank
2,1,Tatum O'Neal,23.0,10.001200000000008,Rank
2,1,Tia Carrere,20.0,10.0028,Rank
2,2,Drew Lachey,27.0,11.110311111111109,Rank
2,2,George Hamilton,22.0,11.114311111111112,Rank
2,2,Giselle Fernandez,24.0,11.112911111111107,Rank
2,2,Jerry Rice,23.0,11.11111111111111,Rank
2,2,Lisa Rinna,20.0,11.12111111111111,Rank
2,2,Master P,16.0,11.12251111111111,Rank
2,2,Stacy Keibler,29.0,11.11131111111111,Rank
2,2,Tatum O'Neal,17.0,11.082311111111116,Rank
2,2,Tia Carrere,22.0,11.114111111111114,Rank
2,3,Drew Lachey,27.0,12.497300000000005,Rank
2,3,George Hamilton,22.0,12.501999999999999,Rank
2,3,Giselle Fernandez,22.0,12.469000000000014,Rank
2,3,Jerry Rice,19.0,12.511099999999994,Rank
2,3,Lisa Rinna,25.0,12.501300000000004,Rank
2,3,Master P,14.0,12.515299999999991,Rank
2,3,Stacy Keibler,27.0,12.501599999999996,Rank
2,3,Tia Carrere,26.0,12.50239999999999,Rank
2,4,Drew Lachey,28.0,14.286714285714282,Rank
2,4,George Hamilton,21.0,14.29211428571429,Rank
2,4,Jerry Rice,24.0,14.291314285714282,Rank
2,4,Lisa Rinna,26.0,14.284014285714292,Rank
2,4,Master P,8.0,14.270514285714281,Rank
2,4,Stacy Keibler,26.0,14.288514285714287,Rank
2,4,Tia Carrere,25.0,14.286814285714271,Rank
2,5,Drew Lachey,27.0,16.66796666666666,Rank
2,5,George Hamilton,24.0,16.66786666666667,Rank
2,5,Jerry Rice,23.0,16.674866666666667,Rank
2,5,Lisa Rinna,25.0,16.66706666666667,Rank
2,5,Stacy Keibler,30.0,16.665766666666666,Rank
2,5,Tia Carrere,22.0,16.65646666666666,Rank
2,6,Drew Lachey,30.0,20.000384615384615,Rank
2,6,George Hamilton,23.0,19.987692307692306,Rank
2,6,Jerry Rice,23.0,20.008846153846154,Rank
2,6,Lisa Rinna,27.0,20.002692307692314,Rank
2,6,Stacy Keibler,30.0,20.00038461538461,Rank
2,7,Drew Lachey,27.5,25.0,Rank
2,7,Jerry Rice,20.5,25.008333333333336,Rank
2,7,Lisa Rinna,26.5,24.991666666666664,Rank
2,7,Stacy Keibler,27.5,25.0,Rank
2,8,Drew Lachey,28.9998,33.33333333333333,Rank
2,8,Jerry Rice,26.666600000000003,33.33333333333333,Rank
2,8,Stacy Keibler,28.6665,33.33333333333333,Rank
3,1,Emmitt Smith,24.0,9.090909090909092,Percent
3,1,Harry Hamlin,17.0,9.090909090909092,Percent
3,1,Jerry Springer,16.0,9.090909090909092,Percent
3,1,Joey Lawrence,21.0,9.090909090909092,Percent
3,1,Mario Lopez,26.0,9.090909090909092,Percent
3,1,Monique Coleman,19.0,9.090909090909092,Percent
3,1,Sara Evans,15.0,9.090909090909092,Percent
3,1,Shanna Moakler,18.0,9.090909090909092,Percent
3,1,Tucker Carlson,12.0,9.090909090909092,Percent
3,1,Vivica A. Fox,22.0,9.090909090909092,Percent
3,1,Willa Ford,22.0,9.090909090909092,Percent
3,2,Emmitt Smith,24.0,9.995747570239685,Percent
3,2,Harry Hamlin,21.0,9.995747570239857,Percent
3,2,Jerry Springer,19.0,10.669183632083975,Percent
3,2,Joey Lawrence,29.0,9.995747570239862,Percent
3,2,Mario Lopez,21.0,9.995747570239937,Percent
3,2,Monique Coleman,26.0,9.99574757023986,Percent
3,2,Sara Evans,21.0,9.995747570239894,Percent
3,2,Shanna Moakler,22.0,9.364835805997016,Percent
3,2,Vivica A. Fox,24.0,9.995747570239992,Percent
3,2,Willa Ford,23.0,9.995747570239939,Percent
3,3,Emmitt Smith,19.0,11.854118372253417,Percent
3,3,Harry Hamlin,22.0,10.404843009934577,Percent
3,3,Jerry Springer,21.0,11.105862659687432,Percent
3,3,Joey Lawrence,22.0,11.10586265968745,Percent
3,3,Mario Lopez,22.0,11.105862659687492,Percent
3,3,Monique Coleman,27.0,11.105862659687372,Percent
3,3,Sara Evans,25.0,11.105862659687409,Percent
3,3,Vivica A. Fox,27.0,11.105862659687398,Percent
3,3,Willa Ford,22.0,11.105862659687443,Percent
3,4,Emmitt Smith,24.0,12.489794365604547,Percent
3,4,Jerry Springer,22.0,12.516977569524567,Percent
3,4,Joey Lawrence,27.0,12.48981823145545,Percent
3,4,Mario Lopez,29.0,12.489818231455473,Percent
3,4,Monique Coleman,24.0,12.489818231455429,Percent
3,4,Sara Evans,20.0,13.527078579625579,Percent
3,4,Vivica A. Fox,24.0,11.506876559423558,Percent
3,4,Willa Ford,28.0,12.489818231455397,Percent
3,5,Emmitt Smith,27.0,14.276309514454057,Percent
3,5,Jerry Springer,24.0,14.845254052004735,Percent
3,5,Joey Lawrence,25.0,14.292767864159433,Percent
3,5,Mario Lopez,27.0,14.276309514454114,Percent
3,5,Monique Coleman,27.0,14.276309514454107,Percent
3,5,Sara Evans,24.0,14.845254052004735,Percent
3,5,Willa Ford,27.0,13.187795488468822,Percent
3,6,Emmitt Smith,25.0,20.0,Percent
3,6,Jerry Springer,18.0,20.0,Percent
3,6,Joey Lawrence,24.0,20.0,Percent
3,6,Mario Lopez,28.0,20.0,Percent
3,6,Monique Coleman,23.0,20.0,Percent
3,7,Emmitt Smith,28.5,20.0,Percent
3,7,Jerry Springer,23.0,20.0,Percent
3,7,Joey Lawrence,28.5,20.0,Percent
3,7,Mario Lopez,28.0,20.0,Percent
3,7,Monique Coleman,27.0,20.0,Percent
3,8,Emmitt Smith,27.0,25.0,Percent
3,8,Joey Lawrence,27.0,25.0,Percent
3,8,Mario Lopez,28.5,25.0,Percent
3,8,Monique Coleman,26.5,25.0,Percent
3,9,Emmitt Smith,29.5,33.33333333333333,Percent
3,9,Joey Lawrence,29.5,33.33333333333333,Percent
3,9,Mario Lopez,29.5,33.33333333333333,Percent
3,10,Emmitt Smith,29.666600000000003,50.0,Percent
3,10,Mario Lopez,29.666600000000003,50.0,Percent
4,1,Apolo Anton Ohno,21.0,9.090909090909092,Percent
4,1,Billy Ray Cyrus,13.0,9.090909090909092,Percent
4,1,Clyde Drexler,16.0,9.090909090909092,Percent
4,1,Heather Mills,18.0,9.090909090909092,Percent
4,1,Ian Ziering,21.0,9.090909090909092,Percent
4,1,Joey Fatone,24.0,9.090909090909092,Percent
4,1,John Ratzenberger,17.0,9.090909090909092,Percent
4,1,Laila Ali,23.0,9.090909090909092,Percent
4,1,Leeza Gibbons,15.0,9.090909090909092,Percent
4,1,Paulina Porizkova,19.0,9.090909090909092,Percent
4,1,Shandi Finnessey,19.0,9.090909090909092,Percent
4,2,Apolo Anton Ohno,26.0,9.087201454098707,Percent
4,2,Billy Ray Cyrus,21.0,9.08720413432218,Percent
4,2,Clyde Drexler,18.0,9.719834484069592,Percent
4,2,Heather Mills,24.0,9.087204134321976,Percent
4,2,Ian Ziering,22.0,9.087204134322063,Percent
4,2,Joey Fatone,24.0,9.087204134322102,Percent
4,2,John Ratzenberger,21.0,9.087204134321937,Percent
4,2,Laila Ali,27.0,9.087204134322088,Percent
4,2,Leeza Gibbons,21.0,9.087198772976116,Percent
4,2,Paulina Porizkova,21.0,8.495344688151226,Percent
4,2,Shandi Finnessey,20.0,9.087195794772017,Percent
4,3,Apolo Anton Ohno,23.0,9.986851693581853,Percent
4,3,Billy Ray Cyrus,21.0,9.986851693581938,Percent
4,3,Clyde Drexler,16.0,11.199382216497973,Percent
4,3,Heather Mills,24.0,9.98685169358186,Percent
4,3,Ian Ziering,24.0,9.986851693581897,Percent
4,3,Joey Fatone,24.0,9.986851693581873,Percent
4,3,John Ratzenberger,20.0,9.986851693582047,Percent
4,3,Laila Ali,21.0,9.986851693581986,Percent
4,3,Leeza Gibbons,24.0,9.986851693581977,Percent
4,3,Shandi Finnessey,21.0,8.905804234846599,Percent
4,4,Apolo Anton Ohno,26.0,11.110425601830814,Percent
4,4,Billy Ray Cyrus,21.0,11.110425601830803,Percent
4,4,Clyde Drexler,15.0,11.376681700467115,Percent
4,4,Heather Mills,23.0,11.11042560183077,Percent
4,4,Ian Ziering,24.0,11.110425601830881,Percent
4,4,Joey Fatone,28.0,11.110398777554574,Percent
4,4,John Ratzenberger,16.0,11.110425601830755,Percent
4,4,Laila Ali,21.0,11.110425601830851,Percent
4,4,Leeza Gibbons,16.0,10.850365910993432,Percent
4,5,Apolo Anton Ohno,30.0,12.5,Percent
4,5,Billy Ray Cyrus,17.0,12.5,Percent
4,5,Clyde Drexler,13.0,12.5,Percent
4,5,Heather Mills,21.0,12.5,Percent
4,5,Ian Ziering,24.0,12.5,Percent
4,5,Joey Fatone,25.0,12.5,Percent
4,5,John Ratzenberger,18.0,12.5,Percent
4,5,Laila Ali,28.0,12.5,Percent
4,6,Apolo Anton Ohno,28.0,14.27188950951184,Percent
4,6,Billy Ray Cyrus,21.0,14.304147320650692,Percent
4,6,Heather Mills,23.0,13.127676732415402,Percent
4,6,Ian Ziering,24.0,14.271889509511993,Percent
4,6,Joey Fatone,27.0,14.271889509511984,Percent
4,6,John Ratzenberger,19.0,15.480617908885991,Percent
4,6,Laila Ali,28.0,14.271889509512095,Percent
4,7,Apolo Anton Ohno,27.0,16.653858341992663,Percent
4,7,Billy Ray Cyrus,19.0,17.824988786034847,Percent
4,7,Ian Ziering,27.0,16.65385834199265,Percent
4,7,Joey Fatone,29.5,16.6538344828929,Percent
4,7,John Ratzenberger,22.5,15.559616617750061,Percent
4,7,Laila Ali,29.5,16.653843429336884,Percent
4,8,Apolo Anton Ohno,29.0,20.0,Percent
4,8,Billy Ray Cyrus,19.0,20.0,Percent
4,8,Ian Ziering,23.5,20.0,Percent
4,8,Joey Fatone,27.5,20.0,Percent
4,8,Laila Ali,26.5,20.0,Percent
4,9,Apolo Anton Ohno,29.5,25.0,Percent
4,9,Ian Ziering,29.0,25.0,Percent
4,9,Joey Fatone,30.0,25.0,Percent
4,9,Laila Ali,30.0,25.0,Percent
4,10,Apolo Anton Ohno,29.3332,33.33333333333333,Percent
4,10,Joey Fatone,28.6665,33.33333333333333,Percent
4,10,Laila Ali,28.333200000000005,33.33333333333333,Percent
5,1,Albert Reed,21.0,8.333333333333332,Percent
5,1,Cameron Mathison,21.0,8.333333333333332,Percent
5,1,Floyd Mayweather Jr. ,18.0,8.333333333333332,Percent
5,1,Helio Castroneves,25.0,8.333333333333332,Percent
5,1,Jane Seymour,24.0,8.333333333333332,Percent
5,1,Jennie Garth,21.0,8.333333333333332,Percent
5,1,Josie Maran,16.0,8.333333333333332,Percent
5,1,Marie Osmond,21.0,8.333333333333332,Percent
5,1,Mark Cuban,21.0,8.333333333333332,Percent
5,1,Mel B,24.0,8.333333333333332,Percent
5,1,Sabrina Bryan,26.0,8.333333333333332,Percent
5,1,Wayne Newton,19.0,8.333333333333332,Percent
5,2,Albert Reed,21.0,7.872406748807725,Percent
5,2,Cameron Mathison,21.0,9.075159361100834,Percent
5,2,Floyd Mayweather Jr. ,21.0,9.075159361100864,Percent
5,2,Helio Castroneves,27.0,9.07515936110072,Percent
5,2,Jane Seymour,21.0,9.075159361100667,Percent
5,2,Jennie Garth,21.0,9.075159361100637,Percent
5,2,Marie Osmond,24.0,9.075159361100447,Percent
5,2,Mark Cuban,18.0,9.132910950488398,Percent
5,2,Mel B,23.0,9.075156978921072,Percent
5,2,Sabrina Bryan,26.0,9.075154003009564,Percent
5,2,Wayne Newton,15.0,10.393415152169071,Percent
5,3,Cameron Mathison,23.0,10.0,Percent
5,3,Floyd Mayweather Jr. ,21.0,10.0,Percent
5,3,Helio Castroneves,24.0,10.0,Percent
5,3,Jane Seymour,27.0,10.0,Percent
5,3,Jennie Garth,26.0,10.0,Percent
5,3,Marie Osmond,26.0,10.0,Percent
5,3,Mark Cuban,20.0,10.0,Percent
5,3,Mel B,27.0,10.0,Percent
5,3,Sabrina Bryan,27.0,10.0,Percent
5,3,Wayne Newton,18.0,10.0,Percent
5,4,Cameron Mathison,27.0,11.110655111103853,Percent
5,4,Floyd Mayweather Jr. ,23.0,10.899031897461581,Percent
5,4,Helio Castroneves,27.0,11.110655111103814,Percent
5,4,Jane Seymour,26.0,11.110655111103751,Percent
5,4,Jennie Garth,27.0,11.110655111103798,Percent
5,4,Marie Osmond,26.0,11.110655111103735,Percent
5,4,Mark Cuban,22.0,11.326382324812007,Percent
5,4,Mel B,26.0,11.110655111103746,Percent
5,4,Sabrina Bryan,30.0,11.110655111103709,Percent
5,5,Cameron Mathison,26.0,12.5,Percent
5,5,Helio Castroneves,23.0,12.5,Percent
5,5,Jane Seymour,26.0,12.5,Percent
5,5,Jennie Garth,25.0,12.5,Percent
5,5,Marie Osmond,21.0,12.5,Percent
5,5,Mark Cuban,21.0,12.5,Percent
5,5,Mel B,29.0,12.5,Percent
5,5,Sabrina Bryan,28.0,12.5,Percent
5,6,Cameron Mathison,25.0,14.27854813070698,Percent
5,6,Helio Castroneves,28.0,14.278548130707023,Percent
5,6,Jane Seymour,22.0,15.036009899798028,Percent
5,6,Jennie Garth,27.0,14.278548130707117,Percent
5,6,Marie Osmond,23.0,14.480454344242471,Percent
5,6,Mel B,30.0,14.278548130707017,Percent
5,6,Sabrina Bryan,25.0,13.369343233131362,Percent
5,7,Cameron Mathison,25.5,16.666666666666664,Percent
5,7,Helio Castroneves,26.0,16.666666666666664,Percent
5,7,Jane Seymour,25.0,16.666666666666664,Percent
5,7,Jennie Garth,26.5,16.666666666666664,Percent
5,7,Marie Osmond,26.0,16.666666666666664,Percent
5,7,Mel B,27.0,16.666666666666664,Percent
5,8,Cameron Mathison,25.5,19.620733239247873,Percent
5,8,Helio Castroneves,28.5,19.998548249439178,Percent
5,8,Jennie Garth,25.0,20.00096137613,Percent
5,8,Marie Osmond,24.5,20.381189513012128,Percent
5,8,Mel B,28.0,19.998567622170825,Percent
5,9,Helio Castroneves,30.0,24.998167829685602,Percent
5,9,Jennie Garth,29.0,24.574474292029482,Percent
5,9,Marie Osmond,28.0,25.429175146730337,Percent
5,9,Mel B,30.0,24.99818273155458,Percent
5,10,Helio Castroneves,27.999900000000004,33.33333333333333,Percent
5,10,Marie Osmond,23.0,33.33333333333333,Percent
5,10,Mel B,28.3332,33.33333333333333,Percent
6,1,Adam Carolla,15.0,8.333333333333332,Percent
6,1,Cristian de la Fuente,21.0,8.333333333333332,Percent
6,1,Jason Taylor,22.0,8.333333333333332,Percent
6,1,Kristi Yamaguchi,27.0,8.333333333333332,Percent
6,1,Mario,24.0,8.333333333333332,Percent
6,1,Marissa Jaret Winokur,18.0,8.333333333333332,Percent
6,1,Marlee Matlin,22.0,8.333333333333332,Percent
6,1,Monica Seles,15.0,8.333333333333332,Percent
6,1,Penn Jillette,16.0,8.333333333333332,Percent
6,1,Priscilla Presley,24.0,8.333333333333332,Percent
6,1,Shannon Elizabeth,21.0,8.333333333333332,Percent
6,1,Steve Guttenberg,18.0,8.333333333333332,Percent
6,2,Adam Carolla,19.0,8.332968080474263,Percent
6,2,Cristian de la Fuente,20.0,8.332968080473977,Percent
6,2,Jason Taylor,27.0,8.332968080474116,Percent
6,2,Kristi Yamaguchi,27.0,8.332968080473945,Percent
6,2,Mario,26.0,8.332968080473838,Percent
6,2,Marissa Jaret Winokur,21.0,8.332968080473885,Percent
6,2,Marlee Matlin,24.0,8.33296808047362,Percent
6,2,Monica Seles,15.0,8.332968080474084,Percent
6,2,Penn Jillette,17.0,8.140601109981418,Percent
6,2,Priscilla Presley,21.0,8.33297403893981,Percent
6,2,Shannon Elizabeth,24.0,8.33297403893987,Percent
6,2,Steve Guttenberg,16.0,8.529706168347177,Percent
6,3,Adam Carolla,21.0,9.998080803938594,Percent
6,3,Cristian de la Fuente,25.0,9.99808080393865,Percent
6,3,Jason Taylor,23.0,9.998080803938734,Percent
6,3,Kristi Yamaguchi,27.0,9.99808080393853,Percent
6,3,Mario,21.0,9.998080803938594,Percent
6,3,Marissa Jaret Winokur,19.0,10.446273275473445,Percent
6,3,Marlee Matlin,21.0,9.998080803938645,Percent
6,3,Priscilla Presley,26.0,9.998080803938684,Percent
6,3,Shannon Elizabeth,24.0,9.998080803938821,Percent
6,3,Steve Guttenberg,21.0,9.569080293017304,Percent
6,4,Adam Carolla,19.0,11.11111111111111,Percent
6,4,Cristian de la Fuente,26.0,11.11111111111111,Percent
6,4,Jason Taylor,29.0,11.11111111111111,Percent
6,4,Kristi Yamaguchi,29.0,11.11111111111111,Percent
6,4,Mario,24.0,11.11111111111111,Percent
6,4,Marissa Jaret Winokur,24.0,11.11111111111111,Percent
6,4,Marlee Matlin,24.0,11.11111111111111,Percent
6,4,Priscilla Presley,22.0,11.11111111111111,Percent
6,4,Shannon Elizabeth,28.0,11.11111111111111,Percent
6,5,Cristian de la Fuente,23.0,12.5,Percent
6,5,Jason Taylor,27.0,12.5,Percent
6,5,Kristi Yamaguchi,29.0,12.5,Percent
6,5,Mario,27.0,12.5,Percent
6,5,Marissa Jaret Winokur,24.0,12.5,Percent
6,5,Marlee Matlin,22.0,12.5,Percent
6,5,Priscilla Presley,21.0,12.5,Percent
6,5,Shannon Elizabeth,23.0,12.5,Percent
6,6,Cristian de la Fuente,27.0,14.285714285714285,Percent
6,6,Jason Taylor,24.0,14.285714285714285,Percent
6,6,Kristi Yamaguchi,30.0,14.285714285714285,Percent
6,6,Mario,28.0,14.285714285714285,Percent
6,6,Marissa Jaret Winokur,26.0,14.285714285714285,Percent
6,6,Marlee Matlin,21.0,14.285714285714285,Percent
6,6,Shannon Elizabeth,24.0,14.285714285714285,Percent
6,7,Cristian de la Fuente,23.0,17.48881863869095,Percent
6,7,Jason Taylor,27.5,16.660133350309987,Percent
6,7,Kristi Yamaguchi,27.0,16.660133350309998,Percent
6,7,Mario,25.5,16.660109499672203,Percent
6,7,Marissa Jaret Winokur,26.0,16.660109499672192,Percent
6,7,Shannon Elizabeth,25.5,15.870695661344673,Percent
6,8,Cristian de la Fuente,28.5,19.996843295580575,Percent
6,8,Jason Taylor,26.0,19.99683584419664,Percent
6,8,Kristi Yamaguchi,27.5,19.996835844196596,Percent
6,8,Mario,26.5,19.44294475520411,Percent
6,8,Marissa Jaret Winokur,25.0,20.566540260822087,Percent
6,9,Cristian de la Fuente,28.0,25.0,Percent
6,9,Jason Taylor,27.5,25.0,Percent
6,9,Kristi Yamaguchi,28.5,25.0,Percent
6,9,Marissa Jaret Winokur,26.0,25.0,Percent
6,10,Cristian de la Fuente,26.0,33.33333333333333,Percent
6,10,Jason Taylor,28.5,33.33333333333333,Percent
6,10,Kristi Yamaguchi,30.0,33.33333333333333,Percent
7,1,Brooke Burke,24.5,7.689848438892552,Percent
7,1,Cloris Leachman,16.0,8.20186265918536,Percent
7,1,Cody Linley,20.5,7.689848438892192,Percent
7,1,Jeffrey Ross,12.0,7.689848438892294,Percent
7,1,Kim Kardashian,18.5,7.689848438892256,Percent
7,1,Lance Bass,21.5,7.689848438892251,Percent
7,1,Maurice Greene,19.5,7.689848438892277,Percent
7,1,Misty May-Treanor,21.0,7.689848438892291,Percent
7,1,Rocco DiSpirito,17.5,7.689850730290895,Percent
7,1,Susan Lucci,18.5,7.689850730290955,Percent
7,1,Ted McGinley,18.5,7.209799167121868,Percent
7,1,Toni Braxton,22.5,7.689847608402471,Percent
7,1,Warren Sapp,21.5,7.689850032462339,Percent
7,2,Brooke Burke,24.0,9.08888307688678,Percent
7,2,Cloris Leachman,15.0,9.548805846432346,Percent
7,2,Cody Linley,21.0,9.088883076886534,Percent
7,2,Kim Kardashian,17.0,8.643828470866735,Percent
7,2,Lance Bass,20.0,9.088883076886415,Percent
7,2,Maurice Greene,19.0,9.088883076886516,Percent
7,2,Misty May-Treanor,21.0,9.088883076886322,Percent
7,2,Rocco DiSpirito,16.0,9.09631715864954,Percent
7,2,Susan Lucci,21.0,9.088877713206235,Percent
7,2,Toni Braxton,23.0,9.088877713206237,Percent
7,2,Warren Sapp,24.0,9.088877713206339,Percent
7,3,Brooke Burke,28.0,11.11111111111111,Percent
7,3,Cloris Leachman,16.0,11.11111111111111,Percent
7,3,Cody Linley,21.0,11.11111111111111,Percent
7,3,Lance Bass,22.0,11.11111111111111,Percent
7,3,Maurice Greene,24.0,11.11111111111111,Percent
7,3,Rocco DiSpirito,20.0,11.11111111111111,Percent
7,3,Susan Lucci,21.0,11.11111111111111,Percent
7,3,Toni Braxton,22.0,11.11111111111111,Percent
7,3,Warren Sapp,25.0,11.11111111111111,Percent
7,4,Brooke Burke,26.0,11.11111111111111,Percent
7,4,Cloris Leachman,22.0,11.11111111111111,Percent
7,4,Cody Linley,23.0,11.11111111111111,Percent
7,4,Lance Bass,26.0,11.11111111111111,Percent
7,4,Maurice Greene,20.0,11.11111111111111,Percent
7,4,Rocco DiSpirito,18.0,11.11111111111111,Percent
7,4,Susan Lucci,24.0,11.11111111111111,Percent
7,4,Toni Braxton,22.0,11.11111111111111,Percent
7,4,Warren Sapp,22.0,11.11111111111111,Percent
7,5,Brooke Burke,29.0,12.499125729246133,Percent
7,5,Cloris Leachman,21.0,12.67240527307076,Percent
7,5,Cody Linley,28.0,12.499125729246446,Percent
7,5,Lance Bass,21.0,12.67240527307076,Percent
7,5,Maurice Greene,27.0,12.499125729246416,Percent
7,5,Susan Lucci,22.0,12.4991257292463,Percent
7,5,Toni Braxton,22.0,12.15958476025025,Percent
7,5,Warren Sapp,25.0,12.499101776622942,Percent
7,6,Brooke Burke,26.0,14.285714285714285,Percent
7,6,Cloris Leachman,15.0,14.285714285714285,Percent
7,6,Cody Linley,23.0,14.285714285714285,Percent
7,6,Lance Bass,27.0,14.285714285714285,Percent
7,6,Maurice Greene,21.0,14.285714285714285,Percent
7,6,Susan Lucci,23.0,14.285714285714285,Percent
7,6,Warren Sapp,25.0,14.285714285714285,Percent
7,7,Brooke Burke,30.0,16.655932342333156,Percent
7,7,Cody Linley,22.0,16.904166371259524,Percent
7,7,Lance Bass,25.0,16.65593234233309,Percent
7,7,Maurice Greene,25.0,16.65590831039872,Percent
7,7,Susan Lucci,24.0,15.54362215357245,Percent
7,7,Warren Sapp,21.0,17.584438480103064,Percent
7,8,Brooke Burke,27.5,20.0,Percent
7,8,Cody Linley,24.0,20.0,Percent
7,8,Lance Bass,25.0,20.0,Percent
7,8,Maurice Greene,24.0,20.0,Percent
7,8,Warren Sapp,27.0,20.0,Percent
7,9,Brooke Burke,24.5,25.0,Percent
7,9,Cody Linley,23.0,25.0,Percent
7,9,Lance Bass,28.5,25.0,Percent
7,9,Warren Sapp,24.5,25.0,Percent
7,10,Brooke Burke,30.0,33.33333333333333,Percent
7,10,Lance Bass,27.5,33.33333333333333,Percent
7,10,Warren Sapp,27.5,33.33333333333333,Percent
8,1,Belinda Carlisle,17.0,7.6923076923076925,Percent
8,1,Chuck Wicks,20.0,7.6923076923076925,Percent
8,1,David Alan Grier,19.0,7.6923076923076925,Percent
8,1,Denise Richards,18.0,7.6923076923076925,Percent
8,1,Gilles Marini,24.0,7.6923076923076925,Percent
8,1,Holly Madison,18.0,7.6923076923076925,Percent
8,1,Lawrence Taylor,16.0,7.6923076923076925,Percent
8,1,Lil' Kim,21.0,7.6923076923076925,Percent
8,1,Melissa Rycroft,23.0,7.6923076923076925,Percent
8,1,Shawn Johnson,23.0,7.6923076923076925,Percent
8,1,Steve Wozniak,13.0,7.6923076923076925,Percent
8,1,Steve-O,17.0,7.6923076923076925,Percent
8,1,Ty Murray,14.0,7.6923076923076925,Percent
8,2,Belinda Carlisle,18.0,6.968867987539401,Percent
8,2,Chuck Wicks,20.0,7.686619790389828,Percent
8,2,David Alan Grier,17.0,7.68662208068026,Percent
8,2,Denise Richards,21.0,7.686622080680332,Percent
8,2,Gilles Marini,27.0,7.686622080680321,Percent
8,2,Holly Madison,18.0,7.686622080680333,Percent
8,2,Lawrence Taylor,20.0,7.686622080680312,Percent
8,2,Lil' Kim,23.0,7.686622080680645,Percent
8,2,Melissa Rycroft,26.0,7.6866184183585915,Percent
8,2,Shawn Johnson,24.0,7.686619790389723,Percent
8,2,Steve Wozniak,17.0,7.68662208068074,Percent
8,2,Steve-O,14.0,8.478301949803551,Percent
8,2,Ty Murray,20.0,7.686617498755963,Percent
8,3,Chuck Wicks,23.0,8.319431034473803,Percent
8,3,David Alan Grier,24.0,8.319431034473682,Percent
8,3,Denise Richards,16.0,7.221751231230004,Percent
8,3,Gilles Marini,27.0,8.319426651572167,Percent
8,3,Holly Madison,17.0,8.319431034473576,Percent
8,3,Lawrence Taylor,20.0,8.319431034473741,Percent
8,3,Lil' Kim,25.0,8.319426651572124,Percent
8,3,Melissa Rycroft,27.0,8.31942665157211,Percent
8,3,Shawn Johnson,27.0,8.319428565972888,Percent
8,3,Steve Wozniak,10.0,9.583955955639455,Percent
8,3,Steve-O,15.0,8.319431034473574,Percent
8,3,Ty Murray,23.0,8.319429120072867,Percent
8,4,Chuck Wicks,22.0,9.090488150416396,Percent
8,4,David Alan Grier,22.0,9.090488150416027,Percent
8,4,Gilles Marini,30.0,9.09048815041594,Percent
8,4,Holly Madison,16.0,8.886196967737781,Percent
8,4,Lawrence Taylor,19.0,9.090488150415869,Percent
8,4,Lil' Kim,27.0,9.090488150415972,Percent
8,4,Melissa Rycroft,29.0,9.090488150415872,Percent
8,4,Shawn Johnson,25.0,9.090488150415723,Percent
8,4,Steve Wozniak,12.0,9.090482786549709,Percent
8,4,Steve-O,15.0,9.29942010823365,Percent
8,4,Ty Murray,25.0,9.090483084567063,Percent
8,5,Chuck Wicks,23.0,11.102049850659428,Percent
8,5,David Alan Grier,22.0,10.176852679633459,Percent
8,5,Gilles Marini,29.0,11.10204985065948,Percent
8,5,Lawrence Taylor,20.0,11.129233632014412,Percent
8,5,Lil' Kim,26.0,11.102049850659554,Percent
8,5,Melissa Rycroft,25.0,11.102049850659425,Percent
8,5,Shawn Johnson,26.0,11.102049850659444,Percent
8,5,Steve-O,18.0,12.081614584395364,Percent
8,5,Ty Murray,21.0,11.102049850659428,Percent
8,6,Chuck Wicks,23.0,12.5,Percent
8,6,Gilles Marini,26.0,12.5,Percent
8,6,Lawrence Taylor,22.0,12.5,Percent
8,6,Lil' Kim,28.0,12.5,Percent
8,6,Melissa Rycroft,27.0,12.5,Percent
8,6,Shawn Johnson,26.0,12.5,Percent
8,6,Steve-O,16.0,12.5,Percent
8,6,Ty Murray,18.0,12.5,Percent
8,7,Chuck Wicks,27.0,14.285714285714285,Percent
8,7,Gilles Marini,27.0,14.285714285714285,Percent
8,7,Lawrence Taylor,21.0,14.285714285714285,Percent
8,7,Lil' Kim,26.0,14.285714285714285,Percent
8,7,Melissa Rycroft,29.0,14.285714285714285,Percent
8,7,Shawn Johnson,28.0,14.285714285714285,Percent
8,7,Ty Murray,24.0,14.285714285714285,Percent
8,8,Chuck Wicks,25.5,15.878223114222914,Percent
8,8,Gilles Marini,27.5,16.66026157838395,Percent
8,8,Lil' Kim,28.0,16.66025263481106,Percent
8,8,Melissa Rycroft,23.0,17.480787216787018,Percent
8,8,Shawn Johnson,26.0,16.66023772789755,Percent
8,8,Ty Murray,26.0,16.660237727897503,Percent
8,9,Gilles Marini,28.0,19.98737744040619,Percent
8,9,Lil' Kim,26.0,18.895332370091257,Percent
8,9,Melissa Rycroft,28.5,19.987377440406146,Percent
8,9,Shawn Johnson,28.0,19.98738936776921,Percent
8,9,Ty Murray,23.0,21.142523381327212,Percent
8,10,Gilles Marini,30.0,25.0,Percent
8,10,Melissa Rycroft,27.5,25.0,Percent
8,10,Shawn Johnson,28.0,25.0,Percent
8,10,Ty Murray,24.0,25.0,Percent
8,11,Gilles Marini,29.0,33.33333333333333,Percent
8,11,Melissa Rycroft,28.5,33.33333333333333,Percent
8,11,Shawn Johnson,30.0,33.33333333333333,Percent
9,1,Aaron Carter,31.9999,6.25,Percent
9,1,Ashley Hamiliton,18.9999,6.25,Percent
9,1,Chuck Liddell,22.0,6.25,Percent
9,1,Debi Mazar,22.0,6.25,Percent
9,1,Donny Osmond,29.9999,6.25,Percent
9,1,Joanna Krupa,33.9999,6.25,Percent
9,1,Kathy Ireland,19.9999,6.25,Percent
9,1,Kelly Osbourne,30.9998,6.25,Percent
9,1,Louie Vito,26.9998,6.25,Percent
9,1,Macy Gray,18.9999,6.25,Percent
9,1,Mark Dacascos,28.9998,6.25,Percent
9,1,Melissa Joan Hart,24.0,6.25,Percent
9,1,Michael Irvin,19.0,6.25,Percent
9,1,Mya,30.9999,6.25,Percent
9,1,Natalie Coughlin,26.9998,6.25,Percent
9,1,Tom DeLay,19.9999,6.25,Percent
9,2,Aaron Carter,27.0,7.142857142857142,Percent
9,2,Chuck Liddell,19.0,7.142857142857142,Percent
9,2,Debi Mazar,21.0,7.142857142857142,Percent
9,2,Donny Osmond,25.0,7.142857142857142,Percent
9,2,Joanna Krupa,20.0,7.142857142857142,Percent
9,2,Kathy Ireland,18.0,7.142857142857142,Percent
9,2,Kelly Osbourne,19.0,7.142857142857142,Percent
9,2,Louie Vito,19.0,7.142857142857142,Percent
9,2,Mark Dacascos,21.0,7.142857142857142,Percent
9,2,Melissa Joan Hart,19.0,7.142857142857142,Percent
9,2,Michael Irvin,20.0,7.142857142857142,Percent
9,2,Mya,27.0,7.142857142857142,Percent
9,2,Natalie Coughlin,21.0,7.142857142857142,Percent
9,2,Tom DeLay,18.0,7.142857142857142,Percent
9,3,Aaron Carter,21.0,7.688743773383311,Percent
9,3,Chuck Liddell,17.0,7.688745145842877,Percent
9,3,Debi Mazar,17.0,7.058189764268722,Percent
9,3,Donny Osmond,21.0,7.688743773382874,Percent
9,3,Joanna Krupa,23.0,7.688745145842881,Percent
9,3,Kelly Osbourne,20.0,7.68874514584276,Percent
9,3,Louie Vito,20.0,7.68874514584262,Percent
9,3,Mark Dacascos,18.0,7.688745145843076,Percent
9,3,Melissa Joan Hart,19.0,7.688743773383111,Percent
9,3,Michael Irvin,14.0,8.22098046194314,Percent
9,3,Mya,27.0,7.688745145843123,Percent
9,3,Natalie Coughlin,26.0,7.688744015863181,Percent
9,3,Tom DeLay,15.0,7.833383562718334,Percent
9,4,Aaron Carter,18.0,9.090340954715359,Percent
9,4,Chuck Liddell,17.0,8.816945603233084,Percent
9,4,Donny Osmond,24.0,9.090340954715119,Percent
9,4,Joanna Krupa,26.0,9.090340954714925,Percent
9,4,Kelly Osbourne,23.0,9.090340954714925,Percent
9,4,Louie Vito,16.0,9.230168743728951,Percent
9,4,Mark Dacascos,22.0,9.090340954714907,Percent
9,4,Melissa Joan Hart,28.0,9.090340954714987,Percent
9,4,Michael Irvin,16.0,9.230168743728951,Percent
9,4,Mya,28.0,9.09033559050939,Percent
9,4,Natalie Coughlin,24.0,9.090335590509396,Percent
9,5,Aaron Carter,24.0,9.999576810573082,Percent
9,5,Donny Osmond,29.0,9.99957681057298,Percent
9,5,Joanna Krupa,24.0,9.999576810573018,Percent
9,5,Kelly Osbourne,24.0,9.999576810572854,Percent
9,5,Louie Vito,22.0,9.999576810573005,Percent
9,5,Mark Dacascos,26.0,9.999576810572886,Percent
9,5,Melissa Joan Hart,23.0,9.999576810572856,Percent
9,5,Michael Irvin,21.0,10.208304327956006,Percent
9,5,Mya,27.0,9.999576810573178,Percent
9,5,Natalie Coughlin,22.0,9.795081187460138,Percent
9,6,Aaron Carter,32.9998,11.109135151980496,Percent
9,6,Donny Osmond,30.9999,11.10913515198055,Percent
9,6,Joanna Krupa,35.9999,11.10913515198052,Percent
9,6,Kelly Osbourne,24.9998,11.109135151980492,Percent
9,6,Louie Vito,24.0,10.858622297781366,Percent
9,6,Mark Dacascos,32.0,11.109135151980421,Percent
9,6,Melissa Joan Hart,23.9999,10.858660759452963,Percent
9,6,Michael Irvin,21.9998,11.627932653086443,Percent
9,6,Mya,33.0,11.109108529776746,Percent
9,7,Aaron Carter,26.5,14.285714285714285,Percent
9,7,Donny Osmond,26.0,14.285714285714285,Percent
9,7,Joanna Krupa,27.5,14.285714285714285,Percent
9,7,Kelly Osbourne,26.0,14.285714285714285,Percent
9,7,Mark Dacascos,21.5,14.285714285714285,Percent
9,7,Michael Irvin,23.5,14.285714285714285,Percent
9,7,Mya,24.5,14.285714285714285,Percent
9,8,Aaron Carter,25.0,20.0,Percent
9,8,Donny Osmond,25.0,20.0,Percent
9,8,Joanna Krupa,26.0,20.0,Percent
9,8,Kelly Osbourne,25.5,20.0,Percent
9,8,Mya,29.5,20.0,Percent
9,9,Donny Osmond,24.666600000000003,26.10574256830406,Percent
9,9,Joanna Krupa,27.0,23.91817254853212,Percent
9,9,Kelly Osbourne,25.9998,24.988037969686875,Percent
9,9,Mya,28.9999,24.988046913476946,Percent
9,10,Donny Osmond,28.9998,33.33333333333333,Percent
9,10,Kelly Osbourne,25.2222,33.33333333333333,Percent
9,10,Mya,28.3332,33.33333333333333,Percent
10,1,Aiden Turner,15.0,9.090909090909092,Percent
10,1,Buzz Aldrin,14.0,9.090909090909092,Percent
10,1,Chad Ochocinco,18.0,9.090909090909092,Percent
10,1,Erin Andrews,21.0,9.090909090909092,Percent
10,1,Evan Lysacek,23.0,9.090909090909092,Percent
10,1,Jake Pavelka,20.0,9.090909090909092,Percent
10,1,Kate Gosselin,16.0,9.090909090909092,Percent
10,1,Nicole Scherzinger,25.0,9.090909090909092,Percent
10,1,Niecy Nash,18.0,9.090909090909092,Percent
10,1,Pamela Anderson,21.0,9.090909090909092,Percent
10,1,Shannen Doherty,18.0,9.090909090909092,Percent
10,2,Aiden Turner,19.0,9.055945464697094,Percent
10,2,Buzz Aldrin,12.0,10.850807594304085,Percent
10,2,Chad Ochocinco,16.0,9.055945464696547,Percent
10,2,Erin Andrews,23.0,9.055949439951206,Percent
10,2,Evan Lysacek,24.0,9.055949439951062,Percent
10,2,Jake Pavelka,20.0,9.055949439951334,Percent
10,2,Kate Gosselin,15.0,9.48717123066772,Percent
10,2,Nicole Scherzinger,28.0,9.055949439951021,Percent
10,2,Niecy Nash,21.0,9.055944914968006,Percent
10,2,Pamela Anderson,22.0,9.05594361292148,Percent
10,2,Shannen Doherty,20.0,7.214443957940446,Percent
10,3,Aiden Turner,20.0,10.0,Percent
10,3,Buzz Aldrin,13.0,10.0,Percent
10,3,Chad Ochocinco,20.0,10.0,Percent
10,3,Erin Andrews,23.0,10.0,Percent
10,3,Evan Lysacek,26.0,10.0,Percent
10,3,Jake Pavelka,21.0,10.0,Percent
10,3,Kate Gosselin,15.0,10.0,Percent
10,3,Nicole Scherzinger,23.0,10.0,Percent
10,3,Niecy Nash,21.0,10.0,Percent
10,3,Pamela Anderson,21.0,10.0,Percent
10,4,Aiden Turner,16.5,10.976976514782729,Percent
10,4,Chad Ochocinco,22.0,11.110929313065517,Percent
10,4,Erin Andrews,19.5,11.110929313065505,Percent
10,4,Evan Lysacek,26.0,11.110929313065546,Percent
10,4,Jake Pavelka,19.0,11.110929313065638,Percent
10,4,Kate Gosselin,16.0,11.24651829375847,Percent
10,4,Nicole Scherzinger,25.0,11.110929313065544,Percent
10,4,Niecy Nash,18.0,11.110929313065494,Percent
10,4,Pamela Anderson,23.5,11.110929313065553,Percent
10,5,Chad Ochocinco,18.0,12.5,Percent
10,5,Erin Andrews,22.0,12.5,Percent
10,5,Evan Lysacek,27.0,12.5,Percent
10,5,Jake Pavelka,23.0,12.5,Percent
10,5,Kate Gosselin,15.0,12.5,Percent
10,5,Nicole Scherzinger,29.0,12.5,Percent
10,5,Niecy Nash,18.0,12.5,Percent
10,5,Pamela Anderson,21.0,12.5,Percent
10,6,Chad Ochocinco,30.9999,14.285714285714285,Percent
10,6,Erin Andrews,34.0,14.285714285714285,Percent
10,6,Evan Lysacek,27.0,14.285714285714285,Percent
10,6,Jake Pavelka,24.9999,14.285714285714285,Percent
10,6,Nicole Scherzinger,35.9999,14.285714285714285,Percent
10,6,Niecy Nash,25.9998,14.285714285714285,Percent
10,6,Pamela Anderson,29.9998,14.285714285714285,Percent
10,7,Chad Ochocinco,26.0,16.665639923618237,Percent
10,7,Erin Andrews,25.5,16.665639923618205,Percent
10,7,Evan Lysacek,27.0,16.66563992361819,Percent
10,7,Nicole Scherzinger,27.0,16.665625021531916,Percent
10,7,Niecy Nash,24.5,16.990271012166854,Percent
10,7,Pamela Anderson,25.5,16.347184195446598,Percent
10,8,Chad Ochocinco,22.5,20.0,Percent
10,8,Erin Andrews,26.5,20.0,Percent
10,8,Evan Lysacek,26.5,20.0,Percent
10,8,Nicole Scherzinger,29.5,20.0,Percent
10,8,Niecy Nash,21.5,20.0,Percent
10,9,Chad Ochocinco,26.0,25.0,Percent
10,9,Erin Andrews,28.0,25.0,Percent
10,9,Evan Lysacek,29.5,25.0,Percent
10,9,Nicole Scherzinger,29.5,25.0,Percent
10,10,Erin Andrews,26.9998,33.33333333333333,Percent
10,10,Evan Lysacek,26.8887,33.33333333333333,Percent
10,10,Nicole Scherzinger,28.7777,33.33333333333333,Percent
11,1,Audrina Patridge,19.0,8.333333333333332,Percent
11,1,Brandy,23.0,8.333333333333332,Percent
11,1,Bristol Palin,18.0,8.333333333333332,Percent
11,1,David Hasselhoff,15.0,8.333333333333332,Percent
11,1,Florence Henderson,18.0,8.333333333333332,Percent
11,1,Jennifer Grey,24.0,8.333333333333332,Percent
11,1,Kurt Warner,19.0,8.333333333333332,Percent
11,1,Kyle Massey,23.0,8.333333333333332,Percent
11,1,Margaret Cho,15.0,8.333333333333332,Percent
11,1,Michael Bolton,16.0,8.333333333333332,Percent
11,1,Rick Fox,22.0,8.333333333333332,Percent
11,1,The Situation,15.0,8.333333333333332,Percent
11,2,Audrina Patridge,23.0,9.090909090909092,Percent
11,2,Brandy,21.0,9.090909090909092,Percent
11,2,Bristol Palin,22.0,9.090909090909092,Percent
11,2,Florence Henderson,19.0,9.090909090909092,Percent
11,2,Jennifer Grey,24.0,9.090909090909092,Percent
11,2,Kurt Warner,21.0,9.090909090909092,Percent
11,2,Kyle Massey,22.0,9.090909090909092,Percent
11,2,Margaret Cho,18.0,9.090909090909092,Percent
11,2,Michael Bolton,12.0,9.090909090909092,Percent
11,2,Rick Fox,21.0,9.090909090909092,Percent
11,2,The Situation,18.0,9.090909090909092,Percent
11,3,Audrina Patridge,26.0,10.0,Percent
11,3,Brandy,24.0,10.0,Percent
11,3,Bristol Palin,19.0,10.0,Percent
11,3,Florence Henderson,20.0,10.0,Percent
11,3,Jennifer Grey,24.0,10.0,Percent
11,3,Kurt Warner,23.0,10.0,Percent
11,3,Kyle Massey,23.0,10.0,Percent
11,3,Margaret Cho,18.0,10.0,Percent
11,3,Rick Fox,24.0,10.0,Percent
11,3,The Situation,20.0,10.0,Percent
11,4,Audrina Patridge,23.0,11.11111111111111,Percent
11,4,Brandy,24.0,11.11111111111111,Percent
11,4,Bristol Palin,16.0,11.11111111111111,Percent
11,4,Florence Henderson,17.5,11.11111111111111,Percent
11,4,Jennifer Grey,28.0,11.11111111111111,Percent
11,4,Kurt Warner,17.0,11.11111111111111,Percent
11,4,Kyle Massey,20.0,11.11111111111111,Percent
11,4,Rick Fox,19.5,11.11111111111111,Percent
11,4,The Situation,14.0,11.11111111111111,Percent
11,5,Audrina Patridge,23.0,12.493206795833574,Percent
11,5,Brandy,27.0,12.493206795833713,Percent
11,5,Bristol Palin,18.0,13.34455543667477,Percent
11,5,Florence Henderson,21.0,11.696203788323125,Percent
11,5,Jennifer Grey,25.0,12.493206795833672,Percent
11,5,Kurt Warner,24.0,12.49320679583376,Percent
11,5,Kyle Massey,20.0,12.493206795833716,Percent
11,5,Rick Fox,24.0,12.493206795833672,Percent
11,6,Audrina Patridge,31.9998,12.015686535124253,Percent
11,6,Brandy,35.9999,14.227548163644311,Percent
11,6,Bristol Palin,27.9998,14.227548163644347,Percent
11,6,Jennifer Grey,29.0,14.227548163644316,Percent
11,6,Kurt Warner,21.9999,16.846572436670783,Percent
11,6,Kyle Massey,29.9999,14.227548163644244,Percent
11,6,Rick Fox,30.0,14.227548373627746,Percent
11,7,Brandy,36.5,16.664374579315794,Percent
11,7,Bristol Palin,32.5,17.14858002877719,Percent
11,7,Jennifer Grey,36.5,16.664374579315787,Percent
11,7,Kurt Warner,35.0,16.664359675900155,Percent
11,7,Kyle Massey,33.5,16.668963721822756,Percent
11,7,Rick Fox,34.5,16.18934741486832,Percent
11,8,Brandy,28.5,19.999640579031354,Percent
11,8,Bristol Palin,23.5,20.18921241616906,Percent
11,8,Jennifer Grey,28.5,19.999640579031297,Percent
11,8,Kurt Warner,24.0,19.81185392560302,Percent
11,8,Kyle Massey,28.0,19.999652500165276,Percent
11,9,Brandy,28.5,24.130496554343715,Percent
11,9,Bristol Palin,26.5,25.884882519255996,Percent
11,9,Jennifer Grey,30.0,24.992305991857272,Percent
11,9,Kyle Massey,29.0,24.992314934543028,Percent
11,10,Bristol Palin,25.666600000000003,33.33333333333333,Percent
11,10,Jennifer Grey,30.0,33.33333333333333,Percent
11,10,Kyle Massey,27.3332,33.33333333333333,Percent
12,1,Chelsea Kane,21.0,9.090909090909092,Percent
12,1,Chris Jericho,19.0,9.090909090909092,Percent
12,1,Hines Ward,21.0,9.090909090909092,Percent
12,1,Kendra Wilkinson,18.0,9.090909090909092,Percent
12,1,Kirstie Alley,23.0,9.090909090909092,Percent
12,1,Mike Catherwood,13.0,9.090909090909092,Percent
12,1,Petra Nemcova,18.0,9.090909090909092,Percent
12,1,Ralph Macchio,24.0,9.090909090909092,Percent
12,1,Romeo,19.0,9.090909090909092,Percent
12,1,Sugar Ray Leonard,17.0,9.090909090909092,Percent
12,1,Wendy Williams,14.0,9.090909090909092,Percent
12,2,Chelsea Kane,18.0,9.090909090909092,Percent
12,2,Chris Jericho,23.0,9.090909090909092,Percent
12,2,Hines Ward,23.0,9.090909090909092,Percent
12,2,Kendra Wilkinson,19.0,9.090909090909092,Percent
12,2,Kirstie Alley,20.0,9.090909090909092,Percent
12,2,Mike Catherwood,17.0,9.090909090909092,Percent
12,2,Petra Nemcova,18.0,9.090909090909092,Percent
12,2,Ralph Macchio,21.0,9.090909090909092,Percent
12,2,Romeo,23.0,9.090909090909092,Percent
12,2,Sugar Ray Leonard,17.0,9.090909090909092,Percent
12,2,Wendy Williams,17.0,9.090909090909092,Percent
12,3,Chelsea Kane,23.0,10.0,Percent
12,3,Chris Jericho,21.0,10.0,Percent
12,3,Hines Ward,25.0,10.0,Percent
12,3,Kendra Wilkinson,23.0,10.0,Percent
12,3,Kirstie Alley,21.0,10.0,Percent
12,3,Petra Nemcova,25.0,10.0,Percent
12,3,Ralph Macchio,21.0,10.0,Percent
12,3,Romeo,20.0,10.0,Percent
12,3,Sugar Ray Leonard,20.0,10.0,Percent
12,3,Wendy Williams,15.0,10.0,Percent
12,4,Chelsea Kane,26.0,11.10582087776324,Percent
12,4,Chris Jericho,23.0,11.105820877763195,Percent
12,4,Hines Ward,25.0,11.105820877763229,Percent
12,4,Kendra Wilkinson,18.0,11.85779568705398,Percent
12,4,Kirstie Alley,22.0,11.105820877763252,Percent
12,4,Petra Nemcova,23.0,11.105794038924364,Percent
12,4,Ralph Macchio,25.0,11.10582087776324,Percent
12,4,Romeo,23.0,11.10582087776317,Percent
12,4,Sugar Ray Leonard,21.0,10.401485007442329,Percent
12,5,Chelsea Kane,26.0,12.5,Percent
12,5,Chris Jericho,26.0,12.5,Percent
12,5,Hines Ward,27.0,12.5,Percent
12,5,Kendra Wilkinson,22.0,12.5,Percent
12,5,Kirstie Alley,23.0,12.5,Percent
12,5,Petra Nemcova,22.0,12.5,Percent
12,5,Ralph Macchio,22.0,12.5,Percent
12,5,Romeo,26.0,12.5,Percent
12,6,Chelsea Kane,28.0,14.285714285714285,Percent
12,6,Chris Jericho,22.0,14.285714285714285,Percent
12,6,Hines Ward,27.0,14.285714285714285,Percent
12,6,Kendra Wilkinson,25.0,14.285714285714285,Percent
12,6,Kirstie Alley,26.0,14.285714285714285,Percent
12,6,Ralph Macchio,24.0,14.285714285714285,Percent
12,6,Romeo,28.0,14.285714285714285,Percent
12,7,Chelsea Kane,32.0,16.666444246098607,Percent
12,7,Hines Ward,33.0,16.666444246098518,Percent
12,7,Kendra Wilkinson,30.5,16.4900623908707,Percent
12,7,Kirstie Alley,30.0,16.75531438026062,Percent
12,7,Ralph Macchio,33.0,16.66642035641093,Percent
12,7,Romeo,30.0,16.75531438026062,Percent
12,8,Chelsea Kane,27.5,19.98668988280312,Percent
12,8,Hines Ward,27.0,19.986689882803134,Percent
12,8,Kirstie Alley,26.5,19.986689882803095,Percent
12,8,Ralph Macchio,23.0,21.173811329641484,Percent
12,8,Romeo,26.0,18.866119021949178,Percent
12,9,Chelsea Kane,36.5,25.0,Percent
12,9,Hines Ward,30.0,25.0,Percent
12,9,Kirstie Alley,27.0,25.0,Percent
12,9,Ralph Macchio,24.0,25.0,Percent
12,10,Chelsea Kane,29.666600000000003,33.33333333333333,Percent
12,10,Hines Ward,29.666600000000003,33.33333333333333,Percent
12,10,Kirstie Alley,27.9999,33.33333333333333,Percent
13,1,Carson Kressley,17.0,8.333333333333332,Percent
13,1,Chaz Bono,17.0,8.333333333333332,Percent
13,1,Chynna Phillips,22.0,8.333333333333332,Percent
13,1,David Arquette,18.0,8.333333333333332,Percent
13,1,Elisabetta Canalis,15.0,8.333333333333332,Percent
13,1,Hope Solo,21.0,8.333333333333332,Percent
13,1,J.R. Martinez,22.0,8.333333333333332,Percent
13,1,Kristin Cavallari,19.0,8.333333333333332,Percent
13,1,Metta World Peace (Ron),14.0,8.333333333333332,Percent
13,1,Nancy Grace,16.0,8.333333333333332,Percent
13,1,Ricki Lake,20.0,8.333333333333332,Percent
13,1,Rob Kardashian,16.0,8.333333333333332,Percent
13,2,Carson Kressley,18.0,9.331608248261388,Percent
13,2,Chaz Bono,17.0,9.780038741534927,Percent
13,2,Chynna Phillips,21.0,9.081492056153792,Percent
13,2,David Arquette,18.0,9.331608248261386,Percent
13,2,Elisabetta Canalis,21.0,7.9863167684407586,Percent
13,2,Hope Solo,19.0,9.081492056153637,Percent
13,2,J.R. Martinez,22.0,9.081492056153321,Percent
13,2,Kristin Cavallari,22.0,9.081492056153445,Percent
13,2,Nancy Grace,21.0,9.081486688965784,Percent
13,2,Ricki Lake,23.0,9.081486688965754,Percent
13,2,Rob Kardashian,21.0,9.08148639095581,Percent
13,3,Carson Kressley,23.0,9.983978286735281,Percent
13,3,Chaz Bono,18.0,11.303206782428258,Percent
13,3,Chynna Phillips,26.0,9.98397828673519,Percent
13,3,David Arquette,24.0,9.983978286735042,Percent
13,3,Hope Solo,24.0,9.983978286735029,Percent
13,3,J.R. Martinez,26.0,9.983978286734953,Percent
13,3,Kristin Cavallari,24.0,8.771561212808004,Percent
13,3,Nancy Grace,21.0,10.03738399761813,Percent
13,3,Ricki Lake,27.0,9.983978286735082,Percent
13,3,Rob Kardashian,24.0,9.98397828673503,Percent
13,4,Carson Kressley,20.0,11.35233798034281,Percent
13,4,Chaz Bono,21.0,11.110541848405202,Percent
13,4,Chynna Phillips,21.0,10.87386908082128,Percent
13,4,David Arquette,23.0,11.11054184840506,Percent
13,4,Hope Solo,24.0,11.110541848405179,Percent
13,4,J.R. Martinez,26.0,11.110541848405127,Percent
13,4,Nancy Grace,21.0,11.11054184840512,Percent
13,4,Ricki Lake,29.0,11.110541848405111,Percent
13,4,Rob Kardashian,24.0,11.110541848405108,Percent
13,5,Carson Kressley,19.0,12.5,Percent
13,5,Chaz Bono,21.0,12.5,Percent
13,5,David Arquette,25.0,12.5,Percent
13,5,Hope Solo,24.0,12.5,Percent
13,5,J.R. Martinez,28.0,12.5,Percent
13,5,Nancy Grace,22.0,12.5,Percent
13,5,Ricki Lake,24.0,12.5,Percent
13,5,Rob Kardashian,25.0,12.5,Percent
13,6,Chaz Bono,19.0,14.285714285714285,Percent
13,6,David Arquette,23.0,14.285714285714285,Percent
13,6,Hope Solo,20.0,14.285714285714285,Percent
13,6,J.R. Martinez,29.0,14.285714285714285,Percent
13,6,Nancy Grace,24.0,14.285714285714285,Percent
13,6,Ricki Lake,29.0,14.285714285714285,Percent
13,6,Rob Kardashian,22.0,14.285714285714285,Percent
13,7,David Arquette,23.5,16.159965682648807,Percent
13,7,Hope Solo,25.0,16.664054149654923,Percent
13,7,J.R. Martinez,24.0,16.664054149654934,Percent
13,7,Nancy Grace,22.0,17.18385646763174,Percent
13,7,Ricki Lake,26.5,16.664030304268334,Percent
13,7,Rob Kardashian,25.5,16.664039246141265,Percent
13,8,Hope Solo,26.0,20.0,Percent
13,8,J.R. Martinez,30.0,20.0,Percent
13,8,Nancy Grace,22.0,20.0,Percent
13,8,Ricki Lake,26.0,20.0,Percent
13,8,Rob Kardashian,25.5,20.0,Percent
13,9,Hope Solo,24.4998,25.0,Percent
13,9,J.R. Martinez,28.0,25.0,Percent
13,9,Ricki Lake,33.4999,25.0,Percent
13,9,Rob Kardashian,32.4998,25.0,Percent
13,10,J.R. Martinez,28.1665,33.33333333333333,Percent
13,10,Ricki Lake,27.9999,33.33333333333333,Percent
13,10,Rob Kardashian,28.3332,33.33333333333333,Percent
14,1,Donald Driver,21.0,8.333333333333332,Percent
14,1,Gavin DeGraw,20.0,8.333333333333332,Percent
14,1,Gladys Knight,23.0,8.333333333333332,Percent
14,1,Jack Wagner,23.0,8.333333333333332,Percent
14,1,Jaleel White,26.0,8.333333333333332,Percent
14,1,Katherine Jenkins,26.0,8.333333333333332,Percent
14,1,Maria Menounos,21.0,8.333333333333332,Percent
14,1,Martina Navratilova,20.0,8.333333333333332,Percent
14,1,Melissa Gilbert,20.0,8.333333333333332,Percent
14,1,Roshon Fegan,23.0,8.333333333333332,Percent
14,1,Sherri Sheperd,23.0,8.333333333333332,Percent
14,1,William Levy,24.0,8.333333333333332,Percent
14,2,Donald Driver,24.0,8.333333333333332,Percent
14,2,Gavin DeGraw,21.0,8.333333333333332,Percent
14,2,Gladys Knight,19.0,8.333333333333332,Percent
14,2,Jack Wagner,21.0,8.333333333333332,Percent
14,2,Jaleel White,22.0,8.333333333333332,Percent
14,2,Katherine Jenkins,26.0,8.333333333333332,Percent
14,2,Maria Menounos,25.0,8.333333333333332,Percent
14,2,Martina Navratilova,17.0,8.333333333333332,Percent
14,2,Melissa Gilbert,20.0,8.333333333333332,Percent
14,2,Roshon Fegan,26.0,8.333333333333332,Percent
14,2,Sherri Sheperd,23.0,8.333333333333332,Percent
14,2,William Levy,25.0,8.333333333333332,Percent
14,3,Donald Driver,26.0,9.090909090909092,Percent
14,3,Gavin DeGraw,24.0,9.090909090909092,Percent
14,3,Gladys Knight,24.0,9.090909090909092,Percent
14,3,Jack Wagner,24.0,9.090909090909092,Percent
14,3,Jaleel White,25.0,9.090909090909092,Percent
14,3,Katherine Jenkins,29.0,9.090909090909092,Percent
14,3,Maria Menounos,27.0,9.090909090909092,Percent
14,3,Melissa Gilbert,24.0,9.090909090909092,Percent
14,3,Roshon Fegan,25.0,9.090909090909092,Percent
14,3,Sherri Sheperd,24.0,9.090909090909092,Percent
14,3,William Levy,28.0,9.090909090909092,Percent
14,4,Donald Driver,27.0,9.999535088065924,Percent
14,4,Gavin DeGraw,23.0,9.999535088065867,Percent
14,4,Gladys Knight,20.0,10.216437021391258,Percent
14,4,Jaleel White,22.0,9.999535088065748,Percent
14,4,Katherine Jenkins,24.0,9.999535088065763,Percent
14,4,Maria Menounos,26.0,9.999535088065715,Percent
14,4,Melissa Gilbert,22.0,9.999535088065908,Percent
14,4,Roshon Fegan,26.0,9.999535088065869,Percent
14,4,Sherri Sheperd,21.0,9.787252472035034,Percent
14,4,William Levy,22.0,9.999564890112921,Percent
14,5,Donald Driver,27.0,11.11111111111111,Percent
14,5,Gavin DeGraw,19.0,11.11111111111111,Percent
14,5,Gladys Knight,22.0,11.11111111111111,Percent
14,5,Jaleel White,24.0,11.11111111111111,Percent
14,5,Katherine Jenkins,29.0,11.11111111111111,Percent
14,5,Maria Menounos,27.0,11.11111111111111,Percent
14,5,Melissa Gilbert,21.0,11.11111111111111,Percent
14,5,Roshon Fegan,26.0,11.11111111111111,Percent
14,5,William Levy,29.0,11.11111111111111,Percent
14,6,Donald Driver,33.9999,12.5,Percent
14,6,Gladys Knight,24.0,12.5,Percent
14,6,Jaleel White,36.9998,12.5,Percent
14,6,Katherine Jenkins,38.9999,12.5,Percent
14,6,Maria Menounos,29.9999,12.5,Percent
14,6,Melissa Gilbert,30.0,12.5,Percent
14,6,Roshon Fegan,27.9998,12.5,Percent
14,6,William Levy,36.0,12.5,Percent
14,7,Donald Driver,26.5,14.282745364224237,Percent
14,7,Jaleel White,25.5,13.748177461373789,Percent
14,7,Katherine Jenkins,27.0,14.282745364224295,Percent
14,7,Maria Menounos,28.5,14.282745364224327,Percent
14,7,Melissa Gilbert,23.5,14.83809571750458,Percent
14,7,Roshon Fegan,26.0,14.282745364224356,Percent
14,7,William Levy,26.5,14.282745364224414,Percent
14,8,Donald Driver,27.5,16.664572834437486,Percent
14,8,Katherine Jenkins,27.5,16.664572834437493,Percent
14,8,Maria Menounos,26.5,17.12958930130547,Percent
14,8,Melissa Gilbert,25.5,16.664548989770857,Percent
14,8,Roshon Fegan,28.0,16.21215810864492,Percent
14,8,William Levy,28.5,16.66455793140377,Percent
14,9,Donald Driver,28.5,25.14639229073934,Percent
14,9,Katherine Jenkins,28.0,25.581174899434995,Percent
14,9,Maria Menounos,29.5,24.276827073348034,Percent
14,9,William Levy,29.0,24.995605736477632,Percent
14,10,Donald Driver,29.666600000000003,33.33333333333333,Percent
14,10,Katherine Jenkins,30.0,33.33333333333333,Percent
14,10,William Levy,29.666600000000003,33.33333333333333,Percent
15,1,Apolo Anton Ohno,22.0,7.6923076923076925,Percent
15,1,Bristol Palin,19.5,7.6923076923076925,Percent
15,1,Drew Lachey,21.5,7.6923076923076925,Percent
15,1,Emmitt Smith,24.5,7.6923076923076925,Percent
15,1,Gilles Marini,24.0,7.6923076923076925,Percent
15,1,Helio Castroneves,21.5,7.6923076923076925,Percent
15,1,Joey Fatone,20.5,7.6923076923076925,Percent
15,1,Kelly Monaco,21.5,7.6923076923076925,Percent
15,1,Kirstie Alley,19.0,7.6923076923076925,Percent
15,1,Melissa Rycroft,21.0,7.6923076923076925,Percent
15,1,Pamela Anderson,17.0,7.6923076923076925,Percent
15,1,Sabrina Bryan,22.5,7.6923076923076925,Percent
15,1,Shawn Johnson,22.0,7.6923076923076925,Percent
15,2,Apolo Anton Ohno,24.5,8.326697750683977,Percent
15,2,Bristol Palin,18.0,9.181727288727023,Percent
15,2,Drew Lachey,22.5,8.326697750683708,Percent
15,2,Emmitt Smith,22.5,8.32669775068376,Percent
15,2,Gilles Marini,25.5,8.326697750683506,Percent
15,2,Helio Castroneves,23.0,8.326697750683532,Percent
15,2,Joey Fatone,22.5,7.551292506118328,Percent
15,2,Kelly Monaco,22.0,8.326697750683227,Percent
15,2,Kirstie Alley,21.0,8.32670120035376,Percent
15,2,Melissa Rycroft,23.5,8.326697750683397,Percent
15,2,Sabrina Bryan,26.0,8.326699475518682,Percent
15,2,Shawn Johnson,25.0,8.326695274497107,Percent
15,3,Apolo Anton Ohno,25.5,9.088027915580215,Percent
15,3,Bristol Palin,22.5,9.638167677112634,Percent
15,3,Drew Lachey,24.0,9.088022983317448,Percent
15,3,Emmitt Smith,25.0,9.088027915579504,Percent
15,3,Gilles Marini,25.5,9.088027915579579,Percent
15,3,Helio Castroneves,25.5,8.559030986465151,Percent
15,3,Kelly Monaco,27.0,9.08802791557938,Percent
15,3,Kirstie Alley,24.0,9.098599331788892,Percent
15,3,Melissa Rycroft,27.0,9.088022552334017,Percent
15,3,Sabrina Bryan,25.5,9.088022552333932,Percent
15,3,Shawn Johnson,26.5,9.088022254329251,Percent
15,4,Apolo Anton Ohno,34.5,11.110145406002344,Percent
15,4,Bristol Palin,32.0,10.80344908832385,Percent
15,4,Emmitt Smith,36.0,11.110145406002122,Percent
15,4,Gilles Marini,39.5,11.110145406002006,Percent
15,4,Kelly Monaco,37.5,11.110145406002088,Percent
15,4,Kirstie Alley,30.0,11.42553306966133,Percent
15,4,Melissa Rycroft,37.0,11.11014540600213,Percent
15,4,Sabrina Bryan,35.5,11.110145406002081,Percent
15,4,Shawn Johnson,39.5,11.110145406002042,Percent
15,5,Apolo Anton Ohno,28.25,12.5,Percent
15,5,Emmitt Smith,28.0,12.5,Percent
15,5,Gilles Marini,28.25,12.5,Percent
15,5,Kelly Monaco,25.75,12.5,Percent
15,5,Kirstie Alley,26.25,12.5,Percent
15,5,Melissa Rycroft,28.25,12.5,Percent
15,5,Sabrina Bryan,29.25,12.5,Percent
15,5,Shawn Johnson,28.25,12.5,Percent
15,6,Apolo Anton Ohno,30.0,12.492607678702553,Percent
15,6,Emmitt Smith,26.5,13.035408992977537,Percent
15,6,Gilles Marini,27.5,12.592931116871341,Percent
15,6,Kelly Monaco,27.0,12.814170054924439,Percent
15,6,Kirstie Alley,27.5,12.592931116871345,Percent
15,6,Melissa Rycroft,29.5,12.492607306523478,Percent
15,6,Sabrina Bryan,30.0,11.486736426605855,Percent
15,6,Shawn Johnson,28.0,12.492607306523453,Percent
15,7,Apolo Anton Ohno,33.0,14.285714285714285,Percent
15,7,Emmitt Smith,34.4999,14.285714285714285,Percent
15,7,Gilles Marini,33.4998,14.285714285714285,Percent
15,7,Kelly Monaco,36.0,14.285714285714285,Percent
15,7,Kirstie Alley,27.9999,14.285714285714285,Percent
15,7,Melissa Rycroft,38.9999,14.285714285714285,Percent
15,7,Shawn Johnson,37.9998,14.285714285714285,Percent
15,8,Apolo Anton Ohno,29.2777,14.284357745044431,Percent
15,8,Emmitt Smith,29.0554,14.284357745044506,Percent
15,8,Gilles Marini,29.2777,13.887946001554768,Percent
15,8,Kelly Monaco,28.3333,14.361858246495737,Percent
15,8,Kirstie Alley,25.5,14.28435774504453,Percent
15,8,Melissa Rycroft,30.0,14.284357745044463,Percent
15,8,Shawn Johnson,27.8333,14.61276477177156,Percent
15,9,Apolo Anton Ohno,28.611,19.472326447284285,Percent
15,9,Emmitt Smith,27.0,19.997163736661804,Percent
15,9,Kelly Monaco,27.111,20.536158497990776,Percent
15,9,Melissa Rycroft,28.7777,19.99717565903158,Percent
15,9,Shawn Johnson,29.5,19.997175659031562,Percent
15,10,Kelly Monaco,29.1109,33.33333333333333,Percent
15,10,Melissa Rycroft,29.3331,33.33333333333333,Percent
15,10,Shawn Johnson,28.9443,33.33333333333333,Percent
16,1,Alexandra Raisman,21.0,8.333333333333332,Percent
16,1,Andy Dick,17.0,8.333333333333332,Percent
16,1,D. L. Hughley,12.0,8.333333333333332,Percent
16,1,Dorothy Hamill,21.0,8.333333333333332,Percent
16,1,Ingo Rademacher,20.0,8.333333333333332,Percent
16,1,Jacoby Jones,20.0,8.333333333333332,Percent
16,1,Kellie Pickler,21.0,8.333333333333332,Percent
16,1,Lisa Vanderpump,18.0,8.333333333333332,Percent
16,1,Sean Lowe,19.0,8.333333333333332,Percent
16,1,Victor Ortiz,18.0,8.333333333333332,Percent
16,1,Wynonna Judd,18.0,8.333333333333332,Percent
16,1,Zendaya,24.0,8.333333333333332,Percent
16,2,Alexandra Raisman,24.0,8.333333333333332,Percent
16,2,Andy Dick,20.0,8.333333333333332,Percent
16,2,D. L. Hughley,16.0,8.333333333333332,Percent
16,2,Dorothy Hamill,15.0,8.333333333333332,Percent
16,2,Ingo Rademacher,20.0,8.333333333333332,Percent
16,2,Jacoby Jones,23.0,8.333333333333332,Percent
16,2,Kellie Pickler,26.0,8.333333333333332,Percent
16,2,Lisa Vanderpump,18.0,8.333333333333332,Percent
16,2,Sean Lowe,20.0,8.333333333333332,Percent
16,2,Victor Ortiz,18.0,8.333333333333332,Percent
16,2,Wynonna Judd,18.0,8.333333333333332,Percent
16,2,Zendaya,26.0,8.333333333333332,Percent
16,3,Alexandra Raisman,23.0,9.090909090909092,Percent
16,3,Andy Dick,18.0,9.090909090909092,Percent
16,3,D. L. Hughley,16.0,9.090909090909092,Percent
16,3,Ingo Rademacher,21.0,9.090909090909092,Percent
16,3,Jacoby Jones,25.9998,9.090909090909092,Percent
16,3,Kellie Pickler,25.0,9.090909090909092,Percent
16,3,Lisa Vanderpump,21.0,9.090909090909092,Percent
16,3,Sean Lowe,21.0,9.090909090909092,Percent
16,3,Victor Ortiz,23.0,9.090909090909092,Percent
16,3,Wynonna Judd,15.0,9.090909090909092,Percent
16,3,Zendaya,25.9998,9.090909090909092,Percent
16,4,Alexandra Raisman,27.0,10.0,Percent
16,4,Andy Dick,21.0,10.0,Percent
16,4,D. L. Hughley,21.0,10.0,Percent
16,4,Ingo Rademacher,23.0,10.0,Percent
16,4,Jacoby Jones,24.0,10.0,Percent
16,4,Kellie Pickler,26.0,10.0,Percent
16,4,Lisa Vanderpump,18.0,10.0,Percent
16,4,Sean Lowe,20.0,10.0,Percent
16,4,Victor Ortiz,18.0,10.0,Percent
16,4,Zendaya,26.0,10.0,Percent
16,5,Alexandra Raisman,25.0,11.11111111111111,Percent
16,5,Andy Dick,18.0,11.11111111111111,Percent
16,5,D. L. Hughley,18.0,11.11111111111111,Percent
16,5,Ingo Rademacher,21.0,11.11111111111111,Percent
16,5,Jacoby Jones,26.0,11.11111111111111,Percent
16,5,Kellie Pickler,27.0,11.11111111111111,Percent
16,5,Sean Lowe,24.0,11.11111111111111,Percent
16,5,Victor Ortiz,21.0,11.11111111111111,Percent
16,5,Zendaya,29.0,11.11111111111111,Percent
16,6,Alexandra Raisman,26.0,12.5,Percent
16,6,Andy Dick,21.5,12.5,Percent
16,6,Ingo Rademacher,23.0,12.5,Percent
16,6,Jacoby Jones,22.5,12.5,Percent
16,6,Kellie Pickler,27.0,12.5,Percent
16,6,Sean Lowe,23.0,12.5,Percent
16,6,Victor Ortiz,20.0,12.5,Percent
16,6,Zendaya,25.5,12.5,Percent
16,7,Alexandra Raisman,32.0,14.285714285714285,Percent
16,7,Andy Dick,17.0,14.285714285714285,Percent
16,7,Ingo Rademacher,25.0,14.285714285714285,Percent
16,7,Jacoby Jones,27.0,14.285714285714285,Percent
16,7,Kellie Pickler,29.0,14.285714285714285,Percent
16,7,Sean Lowe,24.0,14.285714285714285,Percent
16,7,Zendaya,30.0,14.285714285714285,Percent
16,8,Alexandra Raisman,28.0,16.666666666666664,Percent
16,8,Ingo Rademacher,24.0,16.666666666666664,Percent
16,8,Jacoby Jones,26.0,16.666666666666664,Percent
16,8,Kellie Pickler,27.5,16.666666666666664,Percent
16,8,Sean Lowe,21.0,16.666666666666664,Percent
16,8,Zendaya,29.0,16.666666666666664,Percent
16,9,Alexandra Raisman,29.5,20.0,Percent
16,9,Ingo Rademacher,25.5,20.0,Percent
16,9,Jacoby Jones,29.5,20.0,Percent
16,9,Kellie Pickler,29.0,20.0,Percent
16,9,Zendaya,27.5,20.0,Percent
16,10,Alexandra Raisman,29.0,24.574429701564732,Percent
16,10,Jacoby Jones,27.9999,25.429216756938285,Percent
16,10,Kellie Pickler,30.0,24.9981693198104,Percent
16,10,Zendaya,30.0,24.998184221683207,Percent
17,1,Amber Riley,27.0,8.333333333333332,Percent
17,1,Bill Engvall,18.0,8.333333333333332,Percent
17,1,Bill Nye,14.0,8.333333333333332,Percent
17,1,Brant Daugherty,22.0,8.333333333333332,Percent
17,1,Christina Milian,22.0,8.333333333333332,Percent
17,1,Corbin Bleu,24.0,8.333333333333332,Percent
17,1,Elizabeth Berkley Lauren,24.0,8.333333333333332,Percent
17,1,Jack Osbourne,23.0,8.333333333333332,Percent
17,1,Keyshawn Johnson,17.0,8.333333333333332,Percent
17,1,Leah Remini,21.0,8.333333333333332,Percent
17,1,"Nicole ""Snooki"" Polizzi",23.0,8.333333333333332,Percent
17,1,Valerie Harper,21.0,8.333333333333332,Percent
17,2,Amber Riley,24.0,8.33299480196282,Percent
17,2,Bill Engvall,21.0,8.332994801962515,Percent
17,2,Bill Nye,17.0,8.522998745182415,Percent
17,2,Brant Daugherty,23.0,8.332994801962576,Percent
17,2,Christina Milian,25.0,8.332994801962403,Percent
17,2,Corbin Bleu,26.0,8.332994801962373,Percent
17,2,Elizabeth Berkley Lauren,25.0,8.332994801962379,Percent
17,2,Jack Osbourne,24.0,8.332994801962366,Percent
17,2,Keyshawn Johnson,18.0,8.147058895558356,Percent
17,2,Leah Remini,24.0,8.332994801962053,Percent
17,2,"Nicole ""Snooki"" Polizzi",20.0,8.332995099965723,Percent
17,2,Valerie Harper,19.0,8.33298884359401,Percent
17,3,Amber Riley,24.0,9.090909090909092,Percent
17,3,Bill Engvall,24.0,9.090909090909092,Percent
17,3,Bill Nye,16.0,9.090909090909092,Percent
17,3,Brant Daugherty,27.0,9.090909090909092,Percent
17,3,Christina Milian,26.0,9.090909090909092,Percent
17,3,Corbin Bleu,26.0,9.090909090909092,Percent
17,3,Elizabeth Berkley Lauren,25.0,9.090909090909092,Percent
17,3,Jack Osbourne,22.0,9.090909090909092,Percent
17,3,Leah Remini,24.0,9.090909090909092,Percent
17,3,"Nicole ""Snooki"" Polizzi",25.0,9.090909090909092,Percent
17,3,Valerie Harper,16.0,9.090909090909092,Percent
17,4,Amber Riley,27.0,10.0,Percent
17,4,Bill Engvall,21.0,10.0,Percent
17,4,Brant Daugherty,21.0,10.0,Percent
17,4,Christina Milian,24.0,10.0,Percent
17,4,Corbin Bleu,27.0,10.0,Percent
17,4,Elizabeth Berkley Lauren,27.0,10.0,Percent
17,4,Jack Osbourne,24.0,10.0,Percent
17,4,Leah Remini,24.0,10.0,Percent
17,4,"Nicole ""Snooki"" Polizzi",24.0,10.0,Percent
17,4,Valerie Harper,18.0,10.0,Percent
17,5,Amber Riley,26.0,11.09377389621434,Percent
17,5,Bill Engvall,24.0,11.42947348416719,Percent
17,5,Brant Daugherty,27.0,11.093773896214303,Percent
17,5,Christina Milian,28.0,9.727345824592714,Percent
17,5,Corbin Bleu,28.0,11.093773896214266,Percent
17,5,Elizabeth Berkley Lauren,26.0,11.093773896214211,Percent
17,5,Jack Osbourne,27.0,11.093773896214323,Percent
17,5,Leah Remini,22.0,12.280537313954415,Percent
17,5,"Nicole ""Snooki"" Polizzi",27.0,11.093773896214234,Percent
17,6,Amber Riley,31.9999,12.5,Percent
17,6,Bill Engvall,23.9999,12.5,Percent
17,6,Brant Daugherty,31.0,12.5,Percent
17,6,Corbin Bleu,26.9999,12.5,Percent
17,6,Elizabeth Berkley Lauren,31.9998,12.5,Percent
17,6,Jack Osbourne,26.9998,12.5,Percent
17,6,Leah Remini,27.9999,12.5,Percent
17,6,"Nicole ""Snooki"" Polizzi",30.0,12.5,Percent
17,7,Amber Riley,29.5,12.49796710156429,Percent
17,7,Bill Engvall,25.0,12.957577887087524,Percent
17,7,Brant Daugherty,28.5,12.497967101564534,Percent
17,7,Corbin Bleu,29.5,12.497967101564612,Percent
17,7,Elizabeth Berkley Lauren,27.0,12.497967101564498,Percent
17,7,Jack Osbourne,28.5,12.49796710156444,Percent
17,7,Leah Remini,26.5,12.497943255248623,Percent
17,7,"Nicole ""Snooki"" Polizzi",27.0,12.054643349841474,Percent
17,8,Amber Riley,28.0,14.279410549671177,Percent
17,8,Bill Engvall,24.0,14.988563711549377,Percent
17,8,Brant Daugherty,27.0,13.426063711549377,Percent
17,8,Corbin Bleu,30.0,14.27941054967138,Percent
17,8,Elizabeth Berkley Lauren,25.0,14.467730378216043,Percent
17,8,Jack Osbourne,30.0,14.279410549671317,Percent
17,8,Leah Remini,28.0,14.279410549671331,Percent
17,9,Amber Riley,25.5,16.617452463409727,Percent
17,9,Bill Engvall,21.0,18.987332241122548,Percent
17,9,Corbin Bleu,29.0,16.617452463409677,Percent
17,9,Elizabeth Berkley Lauren,28.0,14.542887796678103,Percent
17,9,Jack Osbourne,27.0,16.617437517689986,Percent
17,9,Leah Remini,27.0,16.617437517689957,Percent
17,10,Amber Riley,39.5,19.994899632564536,Percent
17,10,Bill Engvall,30.0,20.72193402961314,Percent
17,10,Corbin Bleu,37.5,19.994899632564604,Percent
17,10,Jack Osbourne,35.5,19.99490410421601,Percent
17,10,Leah Remini,32.5,19.293362601041714,Percent
17,11,Amber Riley,31.3332,25.0,Percent
17,11,Bill Engvall,25.4999,25.0,Percent
17,11,Corbin Bleu,29.6664,25.0,Percent
17,11,Jack Osbourne,27.9999,25.0,Percent
18,1,Amy Purdy,24.0,8.333333333333332,Percent
18,1,Billy Dee Williams,15.0,8.333333333333332,Percent
18,1,Candace Cameron Bure,25.0,8.333333333333332,Percent
18,1,Charlie White,27.0,8.333333333333332,Percent
18,1,Cody Simpson,22.0,8.333333333333332,Percent
18,1,Danica McKellar,24.0,8.333333333333332,Percent
18,1,Diana Nyad,18.0,8.333333333333332,Percent
18,1,Drew Carey,21.0,8.333333333333332,Percent
18,1,James Maslow,21.0,8.333333333333332,Percent
18,1,Meryl Davis,24.0,8.333333333333332,Percent
18,1,NeNe Leakes,21.0,8.333333333333332,Percent
18,1,Sean Avery,20.0,8.333333333333332,Percent
18,2,Amy Purdy,24.0,9.07583701275645,Percent
18,2,Billy Dee Williams,15.0,10.388246782997912,Percent
18,2,Candace Cameron Bure,21.0,9.075837012755931,Percent
18,2,Charlie White,25.0,9.075837012755796,Percent
18,2,Cody Simpson,22.0,9.075837012755864,Percent
18,2,Danica McKellar,24.0,9.07583701275596,Percent
18,2,Drew Carey,21.0,9.07583701275591,Percent
18,2,James Maslow,25.0,9.07583701275585,Percent
18,2,Meryl Davis,25.0,9.075833019337136,Percent
18,2,NeNe Leakes,21.0,9.075830718817905,Percent
18,2,Sean Avery,21.0,7.929230389555289,Percent
18,3,Amy Purdy,36.0,11.11111111111111,Percent
18,3,Candace Cameron Bure,32.0,11.11111111111111,Percent
18,3,Charlie White,36.0,11.11111111111111,Percent
18,3,Cody Simpson,35.0,11.11111111111111,Percent
18,3,Danica McKellar,36.0,11.11111111111111,Percent
18,3,Drew Carey,30.0,11.11111111111111,Percent
18,3,James Maslow,36.0,11.11111111111111,Percent
18,3,Meryl Davis,39.0,11.11111111111111,Percent
18,3,NeNe Leakes,31.0,11.11111111111111,Percent
18,4,Amy Purdy,34.0,11.11111111111111,Percent
18,4,Candace Cameron Bure,28.0,11.11111111111111,Percent
18,4,Charlie White,33.0,11.11111111111111,Percent
18,4,Cody Simpson,31.0,11.11111111111111,Percent
18,4,Danica McKellar,32.0,11.11111111111111,Percent
18,4,Drew Carey,33.0,11.11111111111111,Percent
18,4,James Maslow,35.0,11.11111111111111,Percent
18,4,Meryl Davis,39.0,11.11111111111111,Percent
18,4,NeNe Leakes,32.0,11.11111111111111,Percent
18,5,Amy Purdy,37.0,11.102441692881769,Percent
18,5,Candace Cameron Bure,35.0,11.102441692881666,Percent
18,5,Charlie White,37.0,11.102441692881685,Percent
18,5,Cody Simpson,34.0,10.209777056280618,Percent
18,5,Danica McKellar,39.0,11.102441692881627,Percent
18,5,Drew Carey,28.0,12.0731310935477,Percent
18,5,James Maslow,40.0,11.102441692881719,Percent
18,5,Meryl Davis,36.0,11.102441692881536,Percent
18,5,NeNe Leakes,36.0,11.102441692881674,Percent
18,6,Amy Purdy,38.0,12.5,Percent
18,6,Candace Cameron Bure,32.0,12.5,Percent
18,6,Charlie White,36.0,12.5,Percent
18,6,Danica McKellar,36.0,12.5,Percent
18,6,Drew Carey,32.0,12.5,Percent
18,6,James Maslow,35.0,12.5,Percent
18,6,Meryl Davis,40.0,12.5,Percent
18,6,NeNe Leakes,33.0,12.5,Percent
18,7,Amy Purdy,37.5,14.285714285714285,Percent
18,7,Candace Cameron Bure,37.0,14.285714285714285,Percent
18,7,Charlie White,35.5,14.285714285714285,Percent
18,7,Danica McKellar,36.0,14.285714285714285,Percent
18,7,James Maslow,35.0,14.285714285714285,Percent
18,7,Meryl Davis,39.0,14.285714285714285,Percent
18,7,NeNe Leakes,33.0,14.285714285714285,Percent
18,8,Amy Purdy,40.0,16.663755700183863,Percent
18,8,Candace Cameron Bure,36.0,16.8893610879612,Percent
18,8,Charlie White,40.0,16.663755700183753,Percent
18,8,Danica McKellar,38.0,16.00440533574881,Percent
18,8,James Maslow,36.0,16.8893610879612,Percent
18,8,Meryl Davis,36.0,16.8893610879612,Percent
18,9,Amy Purdy,39.0,19.997254650702825,Percent
18,9,Candace Cameron Bure,36.0,20.527666311044392,Percent
18,9,Charlie White,38.0,19.480545892196226,Percent
18,9,James Maslow,38.0,19.99726657302826,Percent
18,9,Meryl Davis,40.0,19.997266573028305,Percent
18,10,Amy Purdy,29.666600000000003,24.982895312300617,Percent
18,10,Candace Cameron Bure,25.9998,26.325332983057347,Percent
18,10,James Maslow,29.0,23.70887340989555,Percent
18,10,Meryl Davis,30.0,24.98289829474648,Percent
19,1,Alfonso Ribeiro,36.0,7.691653688958342,Percent
19,1,Antonio Sabato Jr.,25.0,7.691653688958384,Percent
19,1,Bethany Mota,32.0,7.691653688958104,Percent
19,1,Betsey Johnson,20.0,7.964742744058665,Percent
19,1,Janel Parrish,29.0,7.691653688958127,Percent
19,1,Jonathan Bennett,30.0,7.691653688958208,Percent
19,1,Lea Thompson,32.0,7.6916536889582625,Percent
19,1,Lolo Jones,22.0,7.427108335456513,Percent
19,1,Michael Waltrip,25.0,7.691653688958498,Percent
19,1,Randy Couture,31.0,7.691653688958406,Percent
19,1,Sadie Robertson,34.0,7.691653688958684,Percent
19,1,Tavis Smiley,29.0,7.6916283966927805,Percent
19,1,Tommy Chong,27.0,7.691637323167011,Percent
19,2,Alfonso Ribeiro,32.0,8.330283213980238,Percent
19,2,Antonio Sabato Jr.,31.0,8.330283213980202,Percent
19,2,Bethany Mota,33.0,8.330283213980143,Percent
19,2,Betsey Johnson,28.0,8.330282773560075,Percent
19,2,Janel Parrish,34.0,8.330283213980117,Percent
19,2,Jonathan Bennett,30.0,8.330283213980115,Percent
19,2,Lea Thompson,35.0,8.33028321397977,Percent
19,2,Michael Waltrip,24.0,8.901070558364948,Percent
19,2,Randy Couture,28.0,8.330283213980385,Percent
19,2,Sadie Robertson,31.0,8.33028321397984,Percent
19,2,Tavis Smiley,28.0,7.7960981826743385,Percent
19,2,Tommy Chong,28.0,8.330282773559826,Percent
19,3,Alfonso Ribeiro,32.0,9.090909090909092,Percent
19,3,Antonio Sabato Jr.,29.0,9.090909090909092,Percent
19,3,Bethany Mota,40.0,9.090909090909092,Percent
19,3,Betsey Johnson,29.0,9.090909090909092,Percent
19,3,Janel Parrish,40.0,9.090909090909092,Percent
19,3,Jonathan Bennett,32.0,9.090909090909092,Percent
19,3,Lea Thompson,31.0,9.090909090909092,Percent
19,3,Michael Waltrip,28.0,9.090909090909092,Percent
19,3,Randy Couture,26.0,9.090909090909092,Percent
19,3,Sadie Robertson,32.0,9.090909090909092,Percent
19,3,Tommy Chong,34.0,9.090909090909092,Percent
19,4,Alfonso Ribeiro,40.0,9.992975915890147,Percent
19,4,Antonio Sabato Jr.,29.0,9.992975915890101,Percent
19,4,Bethany Mota,33.0,9.992975915890149,Percent
19,4,Betsey Johnson,29.0,9.078889528812224,Percent
19,4,Janel Parrish,36.0,9.992975918222523,Percent
19,4,Jonathan Bennett,24.0,10.641389528812224,Percent
19,4,Lea Thompson,39.0,9.99297591589015,Percent
19,4,Michael Waltrip,25.0,10.328889528812224,Percent
19,4,Sadie Robertson,37.0,9.992975915890133,Percent
19,4,Tommy Chong,28.0,9.992975915890138,Percent
19,5,Alfonso Ribeiro,34.0,11.11111111111111,Percent
19,5,Antonio Sabato Jr.,28.0,11.11111111111111,Percent
19,5,Bethany Mota,32.0,11.11111111111111,Percent
19,5,Janel Parrish,33.0,11.11111111111111,Percent
19,5,Jonathan Bennett,24.0,11.11111111111111,Percent
19,5,Lea Thompson,34.0,11.11111111111111,Percent
19,5,Michael Waltrip,20.0,11.11111111111111,Percent
19,5,Sadie Robertson,36.0,11.11111111111111,Percent
19,5,Tommy Chong,23.0,11.11111111111111,Percent
19,6,Alfonso Ribeiro,39.0,11.104725600920702,Percent
19,6,Antonio Sabato Jr.,28.0,11.578944702595452,Percent
19,6,Bethany Mota,36.0,11.104725600920725,Percent
19,6,Janel Parrish,33.0,11.104725600920595,Percent
19,6,Jonathan Bennett,32.0,10.213756989284873,Percent
19,6,Lea Thompson,32.0,11.10472560092073,Percent
19,6,Michael Waltrip,30.0,11.104725600920846,Percent
19,6,Sadie Robertson,35.0,11.104725600920634,Percent
19,6,Tommy Chong,28.0,11.578944702595452,Percent
19,7,Alfonso Ribeiro,34.0,12.499162490097913,Percent
19,7,Antonio Sabato Jr.,29.5,12.212389055036436,Percent
19,7,Bethany Mota,37.5,12.499162490098213,Percent
19,7,Janel Parrish,33.5,12.499162490098213,Percent
19,7,Lea Thompson,35.0,12.499138646399839,Percent
19,7,Michael Waltrip,28.0,12.792659848073185,Percent
19,7,Sadie Robertson,31.0,12.499162490098099,Percent
19,7,Tommy Chong,30.0,12.499162490098099,Percent
19,8,Alfonso Ribeiro,41.0,14.285714285714285,Percent
19,8,Bethany Mota,40.0,14.285714285714285,Percent
19,8,Janel Parrish,43.0,14.285714285714285,Percent
19,8,Lea Thompson,32.0,14.285714285714285,Percent
19,8,Michael Waltrip,25.0,14.285714285714285,Percent
19,8,Sadie Robertson,38.0,14.285714285714285,Percent
19,8,Tommy Chong,29.0,14.285714285714285,Percent
19,9,Alfonso Ribeiro,38.5,16.643652021764595,Percent
19,9,Bethany Mota,37.0,16.643643070712542,Percent
19,9,Janel Parrish,38.5,16.643643070712496,Percent
19,9,Lea Thompson,35.0,15.194025255199763,Percent
19,9,Sadie Robertson,36.5,16.64362814884074,Percent
19,9,Tommy Chong,28.5,18.231408432769857,Percent
19,10,Alfonso Ribeiro,37.5,20.0,Percent
19,10,Bethany Mota,38.0,20.0,Percent
19,10,Janel Parrish,39.0,20.0,Percent
19,10,Sadie Robertson,37.0,20.0,Percent
19,10,Tommy Chong,31.0,20.0,Percent
19,11,Alfonso Ribeiro,40.0,25.0,Percent
19,11,Bethany Mota,38.0,25.0,Percent
19,11,Janel Parrish,38.99980000000001,25.0,Percent
19,11,Sadie Robertson,39.333200000000005,25.0,Percent
20,1,Charlotte McKinney,22.0,8.333333333333332,Percent
20,1,Chris Soules,26.0,8.333333333333332,Percent
20,1,Michael Sam,26.0,8.333333333333332,Percent
20,1,Nastia Liukin,30.0,8.333333333333332,Percent
20,1,Noah Galloway,26.0,8.333333333333332,Percent
20,1,Patti LaBelle,25.0,8.333333333333332,Percent
20,1,Redfoo,22.0,8.333333333333332,Percent
20,1,Riker Lynch,31.0,8.333333333333332,Percent
20,1,Robert Herjavec,28.0,8.333333333333332,Percent
20,1,Rumer Willis,32.0,8.333333333333332,Percent
20,1,Suzanne Somers,25.0,8.333333333333332,Percent
20,1,Willow Shields,25.0,8.333333333333332,Percent
20,2,Charlotte McKinney,26.0,8.395776207708696,Percent
20,2,Chris Soules,21.0,9.836698397910427,Percent
20,2,Michael Sam,28.0,8.312519282500082,Percent
20,2,Nastia Liukin,34.0,8.312519282500107,Percent
20,2,Noah Galloway,27.0,8.31251928249995,Percent
20,2,Patti LaBelle,28.0,8.312519282499865,Percent
20,2,Redfoo,31.0,6.954854017506968,Percent
20,2,Riker Lynch,32.0,8.312519282500054,Percent
20,2,Robert Herjavec,28.0,8.31251928249997,Percent
20,2,Rumer Willis,32.0,8.312519282499649,Percent
20,2,Suzanne Somers,28.0,8.312519282499814,Percent
20,2,Willow Shields,32.0,8.312517116874412,Percent
20,3,Charlotte McKinney,22.0,9.090909090909092,Percent
20,3,Chris Soules,28.0,9.090909090909092,Percent
20,3,Michael Sam,24.0,9.090909090909092,Percent
20,3,Nastia Liukin,34.0,9.090909090909092,Percent
20,3,Noah Galloway,30.0,9.090909090909092,Percent
20,3,Patti LaBelle,22.0,9.090909090909092,Percent
20,3,Riker Lynch,34.0,9.090909090909092,Percent
20,3,Robert Herjavec,29.0,9.090909090909092,Percent
20,3,Rumer Willis,33.0,9.090909090909092,Percent
20,3,Suzanne Somers,25.0,9.090909090909092,Percent
20,3,Willow Shields,32.0,9.090909090909092,Percent
20,4,Chris Soules,27.0,10.415413072519675,Percent
20,4,Michael Sam,30.0,9.492336149442751,Percent
20,4,Nastia Liukin,36.0,9.997785744522371,Percent
20,4,Noah Galloway,32.0,9.997785744522249,Percent
20,4,Patti LaBelle,30.0,9.997785744522304,Percent
20,4,Riker Lynch,34.0,9.997785744522144,Percent
20,4,Robert Herjavec,34.0,9.997785744522389,Percent
20,4,Rumer Willis,35.0,9.997785744522318,Percent
20,4,Suzanne Somers,28.0,10.107720764827368,Percent
20,4,Willow Shields,39.0,9.997815546076438,Percent
20,5,Chris Soules,27.0,11.106122250496995,Percent
20,5,Nastia Liukin,38.0,11.106122250496977,Percent
20,5,Noah Galloway,28.0,11.106122250496965,Percent
20,5,Patti LaBelle,27.0,11.106122250496865,Percent
20,5,Riker Lynch,38.0,11.106122250497034,Percent
20,5,Robert Herjavec,24.0,11.83528590417935,Percent
20,5,Rumer Willis,39.0,11.106122250496957,Percent
20,5,Suzanne Somers,28.0,10.421858342341896,Percent
20,5,Willow Shields,34.0,11.106122250496956,Percent
20,6,Chris Soules,35.0,12.4999076121469,Percent
20,6,Nastia Liukin,36.5,12.499907612147165,Percent
20,6,Noah Galloway,34.0,12.499907612147181,Percent
20,6,Patti LaBelle,34.0,12.411902177904004,Percent
20,6,Riker Lynch,38.0,12.499931454173693,Percent
20,6,Robert Herjavec,33.5,12.588580623133685,Percent
20,6,Rumer Willis,35.5,12.499931454173684,Percent
20,6,Willow Shields,36.5,12.499931454173684,Percent
20,7,Chris Soules,31.0,15.381937821615718,Percent
20,7,Nastia Liukin,41.0,14.250948208591318,Percent
20,7,Noah Galloway,38.0,14.25094820859131,Percent
20,7,Riker Lynch,37.0,14.250948208591355,Percent
20,7,Robert Herjavec,31.0,15.381937821615722,Percent
20,7,Rumer Willis,37.0,14.25094820859145,Percent
20,7,Willow Shields,39.0,12.232331522403122,Percent
20,8,Chris Soules,32.0,16.548745921811012,Percent
20,8,Nastia Liukin,38.0,16.666537956581386,Percent
20,8,Noah Galloway,31.5,16.785152541196354,Percent
20,8,Riker Lynch,39.0,16.666521193468288,Percent
20,8,Robert Herjavec,31.0,16.66652119346825,Percent
20,8,Rumer Willis,40.0,16.66652119346821,Percent
20,9,Nastia Liukin,40.0,24.364411729434035,Percent
20,9,Noah Galloway,38.0,25.63829707975251,Percent
20,9,Riker Lynch,40.0,24.99593678622018,Percent
20,9,Rumer Willis,39.0,25.001354404593272,Percent
20,10,Noah Galloway,36.0,33.33333333333333,Percent
20,10,Riker Lynch,40.0,33.33333333333333,Percent
20,10,Rumer Willis,40.0,33.33333333333333,Percent
21,1,Alek Skarlatos,22.0,7.6923076923076925,Percent
21,1,Alexa PenaVega,22.0,7.6923076923076925,Percent
21,1,Andy Grammer,21.0,7.6923076923076925,Percent
21,1,Bindi Irwin,24.0,7.6923076923076925,Percent
21,1,Carlos PenaVega,23.0,7.6923076923076925,Percent
21,1,Chaka Khan,13.0,7.6923076923076925,Percent
21,1,Gary Busey,15.0,7.6923076923076925,Percent
21,1,Hayes Grier,21.0,7.6923076923076925,Percent
21,1,Kim Zolciak-Biermann,12.0,7.6923076923076925,Percent
21,1,Nick Carter,24.0,7.6923076923076925,Percent
21,1,Paula Deen,15.0,7.6923076923076925,Percent
21,1,Tamar Braxton,23.0,7.6923076923076925,Percent
21,1,Victor Espinoza,15.0,7.6923076923076925,Percent
21,2,Alek Skarlatos,22.5,7.690942226819156,Percent
21,2,Alexa PenaVega,23.0,7.690942226819272,Percent
21,2,Andy Grammer,22.0,7.690942226819196,Percent
21,2,Bindi Irwin,24.0,7.690942226819411,Percent
21,2,Carlos PenaVega,22.5,7.690942226819336,Percent
21,2,Chaka Khan,15.0,7.690942226818977,Percent
21,2,Gary Busey,16.5,8.06950728269646,Percent
21,2,Hayes Grier,22.5,7.690942226819347,Percent
21,2,Kim Zolciak-Biermann,18.5,7.690939934907025,Percent
21,2,Nick Carter,22.5,7.690939934906896,Percent
21,2,Paula Deen,18.5,7.690939934907143,Percent
21,2,Tamar Braxton,24.5,7.690941576347263,Percent
21,2,Victor Espinoza,18.5,7.330135748500526,Percent
21,3,Alek Skarlatos,33.0,10.0,Percent
21,3,Alexa PenaVega,36.0,10.0,Percent
21,3,Andy Grammer,29.0,10.0,Percent
21,3,Bindi Irwin,32.0,10.0,Percent
21,3,Carlos PenaVega,31.0,10.0,Percent
21,3,Gary Busey,25.0,10.0,Percent
21,3,Hayes Grier,30.0,10.0,Percent
21,3,Nick Carter,36.0,10.0,Percent
21,3,Paula Deen,20.0,10.0,Percent
21,3,Tamar Braxton,33.0,10.0,Percent
21,4,Alek Skarlatos,24.0,10.0,Percent
21,4,Alexa PenaVega,21.0,10.0,Percent
21,4,Andy Grammer,23.0,10.0,Percent
21,4,Bindi Irwin,28.0,10.0,Percent
21,4,Carlos PenaVega,25.0,10.0,Percent
21,4,Gary Busey,16.0,10.0,Percent
21,4,Hayes Grier,27.0,10.0,Percent
21,4,Nick Carter,27.0,10.0,Percent
21,4,Paula Deen,18.0,10.0,Percent
21,4,Tamar Braxton,27.0,10.0,Percent
21,5,Alek Skarlatos,29.0,11.11111111111111,Percent
21,5,Alexa PenaVega,40.0,11.11111111111111,Percent
21,5,Andy Grammer,36.0,11.11111111111111,Percent
21,5,Bindi Irwin,37.0,11.11111111111111,Percent
21,5,Carlos PenaVega,39.0,11.11111111111111,Percent
21,5,Hayes Grier,30.0,11.11111111111111,Percent
21,5,Nick Carter,35.0,11.11111111111111,Percent
21,5,Paula Deen,26.0,11.11111111111111,Percent
21,5,Tamar Braxton,29.0,11.11111111111111,Percent
21,6,Alek Skarlatos,30.0,11.11111111111111,Percent
21,6,Alexa PenaVega,30.0,11.11111111111111,Percent
21,6,Andy Grammer,40.0,11.11111111111111,Percent
21,6,Bindi Irwin,40.0,11.11111111111111,Percent
21,6,Carlos PenaVega,38.0,11.11111111111111,Percent
21,6,Hayes Grier,32.0,11.11111111111111,Percent
21,6,Nick Carter,39.0,11.11111111111111,Percent
21,6,Paula Deen,24.0,11.11111111111111,Percent
21,6,Tamar Braxton,40.0,11.11111111111111,Percent
21,7,Alek Skarlatos,26.5,12.784020750199703,Percent
21,7,Alexa PenaVega,27.5,12.498784679664562,Percent
21,7,Andy Grammer,28.0,12.498784679664565,Percent
21,7,Bindi Irwin,29.0,12.498784679664569,Percent
21,7,Carlos PenaVega,28.0,12.498784679664508,Percent
21,7,Hayes Grier,28.0,12.105287718525497,Percent
21,7,Nick Carter,27.0,12.557776406308301,Percent
21,7,Tamar Braxton,27.0,12.557776406308301,Percent
21,8,Alek Skarlatos,25.0,14.285714285714285,Percent
21,8,Alexa PenaVega,26.9998,14.285714285714285,Percent
21,8,Andy Grammer,23.9998,14.285714285714285,Percent
21,8,Bindi Irwin,28.0,14.285714285714285,Percent
21,8,Carlos PenaVega,28.9998,14.285714285714285,Percent
21,8,Nick Carter,33.0,14.285714285714285,Percent
21,8,Tamar Braxton,28.0,14.285714285714285,Percent
21,9,Alek Skarlatos,25.5,17.40880424189392,Percent
21,9,Alexa PenaVega,30.0,14.673241931863526,Percent
21,9,Bindi Irwin,30.0,16.633748976383494,Percent
21,9,Carlos PenaVega,27.0,16.633749059894264,Percent
21,9,Nick Carter,27.5,16.633748812508564,Percent
21,9,Tamar Braxton,24.5,18.01670697745623,Percent
21,10,Alek Skarlatos,28.5,25.0,Percent
21,10,Bindi Irwin,31.5,25.0,Percent
21,10,Carlos PenaVega,31.5,25.0,Percent
21,10,Nick Carter,27.0,25.0,Percent
21,11,Alek Skarlatos,27.9999,25.854678980147693,Percent
21,11,Bindi Irwin,30.0,24.992820247506366,Percent
21,11,Carlos PenaVega,30.0,24.1596775437058,Percent
21,11,Nick Carter,30.0,24.99282322865351,Percent
22,1,Antonio Brown,21.0,8.333333333333332,Percent
22,1,Doug Flutie,15.0,8.333333333333332,Percent
22,1,Geraldo Rivera,13.0,8.333333333333332,Percent
22,1,Ginger Zee,23.0,8.333333333333332,Percent
22,1,Jodie Sweetin,20.0,8.333333333333332,Percent
22,1,Kim Fields,20.0,8.333333333333332,Percent
22,1,Marla Maples,21.0,8.333333333333332,Percent
22,1,Mischa Barton,16.0,8.333333333333332,Percent
22,1,Nyle DiMarco,23.0,8.333333333333332,Percent
22,1,Paige VanZant,21.0,8.333333333333332,Percent
22,1,Von Miller,21.0,8.333333333333332,Percent
22,1,Wanya Morris,23.0,8.333333333333332,Percent
22,2,Antonio Brown,19.0,8.333333333333332,Percent
22,2,Doug Flutie,20.0,8.333333333333332,Percent
22,2,Geraldo Rivera,13.0,8.333333333333332,Percent
22,2,Ginger Zee,21.0,8.333333333333332,Percent
22,2,Jodie Sweetin,21.0,8.333333333333332,Percent
22,2,Kim Fields,19.0,8.333333333333332,Percent
22,2,Marla Maples,20.0,8.333333333333332,Percent
22,2,Mischa Barton,15.0,8.333333333333332,Percent
22,2,Nyle DiMarco,20.0,8.333333333333332,Percent
22,2,Paige VanZant,24.0,8.333333333333332,Percent
22,2,Von Miller,20.0,8.333333333333332,Percent
22,2,Wanya Morris,24.0,8.333333333333332,Percent
22,3,Antonio Brown,20.0,9.090909090909092,Percent
22,3,Doug Flutie,20.0,9.090909090909092,Percent
22,3,Ginger Zee,21.0,9.090909090909092,Percent
22,3,Jodie Sweetin,23.0,9.090909090909092,Percent
22,3,Kim Fields,22.0,9.090909090909092,Percent
22,3,Marla Maples,21.0,9.090909090909092,Percent
22,3,Mischa Barton,18.0,9.090909090909092,Percent
22,3,Nyle DiMarco,25.0,9.090909090909092,Percent
22,3,Paige VanZant,23.0,9.090909090909092,Percent
22,3,Von Miller,20.0,9.090909090909092,Percent
22,3,Wanya Morris,24.0,9.090909090909092,Percent
22,4,Antonio Brown,35.0,9.996063422474313,Percent
22,4,Doug Flutie,24.0,10.642675757771865,Percent
22,4,Ginger Zee,36.0,9.996063422474021,Percent
22,4,Jodie Sweetin,27.0,9.996063422473785,Percent
22,4,Kim Fields,32.0,9.996063422473886,Percent
22,4,Marla Maples,28.0,9.38875726247406,Percent
22,4,Nyle DiMarco,34.0,9.996063422473847,Percent
22,4,Paige VanZant,36.0,9.996063422473847,Percent
22,4,Von Miller,32.0,9.996093222455261,Percent
22,4,Wanya Morris,35.0,9.99609322245512,Percent
22,5,Antonio Brown,26.0,11.11111111111111,Percent
22,5,Doug Flutie,28.0,11.11111111111111,Percent
22,5,Ginger Zee,32.0,11.11111111111111,Percent
22,5,Jodie Sweetin,35.0,11.11111111111111,Percent
22,5,Kim Fields,28.0,11.11111111111111,Percent
22,5,Nyle DiMarco,37.0,11.11111111111111,Percent
22,5,Paige VanZant,31.0,11.11111111111111,Percent
22,5,Von Miller,29.0,11.11111111111111,Percent
22,5,Wanya Morris,30.0,11.11111111111111,Percent
22,6,Antonio Brown,27.0,11.11111111111111,Percent
22,6,Doug Flutie,21.0,11.11111111111111,Percent
22,6,Ginger Zee,24.0,11.11111111111111,Percent
22,6,Jodie Sweetin,25.0,11.11111111111111,Percent
22,6,Kim Fields,24.0,11.11111111111111,Percent
22,6,Nyle DiMarco,25.0,11.11111111111111,Percent
22,6,Paige VanZant,28.0,11.11111111111111,Percent
22,6,Von Miller,24.0,11.11111111111111,Percent
22,6,Wanya Morris,29.0,11.11111111111111,Percent
22,7,Antonio Brown,26.0,12.499815606071495,Percent
22,7,Ginger Zee,27.5,12.499815606071646,Percent
22,7,Jodie Sweetin,25.5,12.656070563089397,Percent
22,7,Kim Fields,26.0,12.422425703276312,Percent
22,7,Nyle DiMarco,28.0,12.499815606071648,Percent
22,7,Paige VanZant,27.5,12.499815606071603,Percent
22,7,Von Miller,26.0,12.422425703276312,Percent
22,7,Wanya Morris,27.5,12.499815606071586,Percent
22,8,Antonio Brown,27.0,16.886367805711156,Percent
22,8,Ginger Zee,30.0,16.6442041316592,Percent
22,8,Jodie Sweetin,30.0,15.111219876717074,Percent
22,8,Nyle DiMarco,29.0,16.64420421376936,Percent
22,8,Paige VanZant,28.0,16.644204213769324,Percent
22,8,Wanya Morris,25.0,18.06979975837388,Percent
22,9,Antonio Brown,27.5,19.99475153934476,Percent
22,9,Ginger Zee,28.0,20.58421506613423,Percent
22,9,Nyle DiMarco,28.5,20.235783010385102,Percent
22,9,Paige VanZant,29.5,19.994763540998196,Percent
22,9,Wanya Morris,30.0,19.190486843137716,Percent
22,10,Ginger Zee,28.3332,33.33333333333333,Percent
22,10,Nyle DiMarco,28.9998,33.33333333333333,Percent
22,10,Paige VanZant,29.666600000000003,33.33333333333333,Percent
23,1,Amber Rose,24.0,7.6923076923076925,Percent
23,1,Babyface,26.0,7.6923076923076925,Percent
23,1,Calvin Johnson Jr.,26.0,7.6923076923076925,Percent
23,1,Jake T. Austin,22.0,7.6923076923076925,Percent
23,1,James Hinchcliffe,31.0,7.6923076923076925,Percent
23,1,Jana Kramer,27.0,7.6923076923076925,Percent
23,1,Laurie Hernandez,31.0,7.6923076923076925,Percent
23,1,Marilu Henner,27.0,7.6923076923076925,Percent
23,1,Maureen McCormick,22.0,7.6923076923076925,Percent
23,1,Rick Perry,20.0,7.6923076923076925,Percent
23,1,Ryan Lochte,24.0,7.6923076923076925,Percent
23,1,Terra Jole,25.0,7.6923076923076925,Percent
23,1,Vanilla Ice,25.0,7.6923076923076925,Percent
23,2,Amber Rose,24.0,7.691576913231373,Percent
23,2,Babyface,30.0,7.6915769132316125,Percent
23,2,Calvin Johnson Jr.,28.0,7.691576913231427,Percent
23,2,Jake T. Austin,24.0,7.412256595337968,Percent
23,2,James Hinchcliffe,29.0,7.6915769132315415,Percent
23,2,Jana Kramer,29.0,7.69157691323163,Percent
23,2,Laurie Hernandez,32.0,7.691576913231494,Percent
23,2,Marilu Henner,27.0,7.6915769132318195,Percent
23,2,Maureen McCormick,26.0,7.6915769132317795,Percent
23,2,Rick Perry,22.0,7.980438413519786,Percent
23,2,Ryan Lochte,24.0,7.691576913231903,Percent
23,2,Terra Jole,31.0,7.691551923649058,Percent
23,2,Vanilla Ice,26.0,7.691560848408595,Percent
23,3,Amber Rose,25.0,8.333333333333332,Percent
23,3,Babyface,25.0,8.333333333333332,Percent
23,3,Calvin Johnson Jr.,32.0,8.333333333333332,Percent
23,3,James Hinchcliffe,29.0,8.333333333333332,Percent
23,3,Jana Kramer,26.0,8.333333333333332,Percent
23,3,Laurie Hernandez,31.0,8.333333333333332,Percent
23,3,Marilu Henner,28.0,8.333333333333332,Percent
23,3,Maureen McCormick,28.0,8.333333333333332,Percent
23,3,Rick Perry,23.0,8.333333333333332,Percent
23,3,Ryan Lochte,25.0,8.333333333333332,Percent
23,3,Terra Jole,30.0,8.333333333333332,Percent
23,3,Vanilla Ice,23.0,8.333333333333332,Percent
23,4,Amber Rose,24.0,9.089457583119644,Percent
23,4,Babyface,18.0,9.089457583119342,Percent
23,4,Calvin Johnson Jr.,23.0,9.089457583119403,Percent
23,4,James Hinchcliffe,28.0,9.089457583119131,Percent
23,4,Jana Kramer,23.0,9.089457583119225,Percent
23,4,Laurie Hernandez,30.0,9.089457583119145,Percent
23,4,Marilu Henner,21.0,9.477924321866881,Percent
23,4,Maureen McCormick,24.0,9.089457583119156,Percent
23,4,Ryan Lochte,22.0,9.094782559414774,Percent
23,4,Terra Jole,25.0,9.089449239920631,Percent
23,4,Vanilla Ice,23.0,8.711640796962667,Percent
23,5,Amber Rose,24.0,11.11111111111111,Percent
23,5,Calvin Johnson Jr.,24.0,11.11111111111111,Percent
23,5,James Hinchcliffe,29.0,11.11111111111111,Percent
23,5,Jana Kramer,26.0,11.11111111111111,Percent
23,5,Laurie Hernandez,25.0,11.11111111111111,Percent
23,5,Marilu Henner,27.0,11.11111111111111,Percent
23,5,Maureen McCormick,24.0,11.11111111111111,Percent
23,5,Ryan Lochte,24.0,11.11111111111111,Percent
23,5,Terra Jole,27.0,11.11111111111111,Percent
23,6,Amber Rose,28.0,11.11111111111111,Percent
23,6,Calvin Johnson Jr.,37.0,11.11111111111111,Percent
23,6,James Hinchcliffe,38.0,11.11111111111111,Percent
23,6,Jana Kramer,40.0,11.11111111111111,Percent
23,6,Laurie Hernandez,37.0,11.11111111111111,Percent
23,6,Marilu Henner,34.0,11.11111111111111,Percent
23,6,Maureen McCormick,31.0,11.11111111111111,Percent
23,6,Ryan Lochte,30.0,11.11111111111111,Percent
23,6,Terra Jole,30.0,11.11111111111111,Percent
23,7,Calvin Johnson Jr.,37.0,12.499654282626308,Percent
23,7,James Hinchcliffe,37.0,12.499654282626484,Percent
23,7,Jana Kramer,34.5,12.499678125204019,Percent
23,7,Laurie Hernandez,34.5,12.499678125204028,Percent
23,7,Marilu Henner,32.0,12.682477670232432,Percent
23,7,Maureen McCormick,33.0,12.319501263698855,Percent
23,7,Ryan Lochte,33.0,12.499678125203959,Percent
23,7,Terra Jole,34.5,12.499678125203914,Percent
23,8,Calvin Johnson Jr.,30.0,14.279964077325127,Percent
23,8,James Hinchcliffe,34.9998,14.27996407732521,Percent
23,8,Jana Kramer,30.0,14.27996407732522,Percent
23,8,Laurie Hernandez,33.0,14.279964077325245,Percent
23,8,Marilu Henner,23.0,14.956731807364651,Percent
23,8,Ryan Lochte,26.0,13.464193008818585,Percent
23,8,Terra Jole,24.0,14.459218874515962,Percent
23,9,Calvin Johnson Jr.,37.0,16.666666666666664,Percent
23,9,James Hinchcliffe,36.0,16.666666666666664,Percent
23,9,Jana Kramer,40.0,16.666666666666664,Percent
23,9,Laurie Hernandez,40.0,16.666666666666664,Percent
23,9,Marilu Henner,36.0,16.666666666666664,Percent
23,9,Terra Jole,38.0,16.666666666666664,Percent
23,10,Calvin Johnson Jr.,28.0,20.685697032960373,Percent
23,10,James Hinchcliffe,29.5,19.995339273742985,Percent
23,10,Jana Kramer,29.0,20.003103176305085,Percent
23,10,Laurie Hernandez,30.0,19.995351197341744,Percent
23,10,Terra Jole,30.0,19.320509319649794,Percent
23,11,Calvin Johnson Jr.,38.3331,25.0,Percent
23,11,James Hinchcliffe,38.9998,25.0,Percent
23,11,Jana Kramer,35.5,25.0,Percent
23,11,Laurie Hernandez,39.333200000000005,25.0,Percent
24,1,Bonner Bolton,22.0,8.333333333333332,Percent
24,1,Charo,21.0,8.333333333333332,Percent
24,1,Chris Kattan,17.0,8.333333333333332,Percent
24,1,David Ross,28.0,8.333333333333332,Percent
24,1,Erika Jayne,24.0,8.333333333333332,Percent
24,1,Heather Morris,28.0,8.333333333333332,Percent
24,1,Mr. T,20.0,8.333333333333332,Percent
24,1,Nancy Kerrigan,28.0,8.333333333333332,Percent
24,1,Nick Viall,24.0,8.333333333333332,Percent
24,1,Normani,27.0,8.333333333333332,Percent
24,1,Rashad Jennings,31.0,8.333333333333332,Percent
24,1,Simone Biles,32.0,8.333333333333332,Percent
24,2,Bonner Bolton,28.0,8.333333333333332,Percent
24,2,Charo,25.0,8.333333333333332,Percent
24,2,Chris Kattan,22.0,8.333333333333332,Percent
24,2,David Ross,27.0,8.333333333333332,Percent
24,2,Erika Jayne,28.0,8.333333333333332,Percent
24,2,Heather Morris,30.0,8.333333333333332,Percent
24,2,Mr. T,22.0,8.333333333333332,Percent
24,2,Nancy Kerrigan,28.0,8.333333333333332,Percent
24,2,Nick Viall,25.0,8.333333333333332,Percent
24,2,Normani,32.0,8.333333333333332,Percent
24,2,Rashad Jennings,32.0,8.333333333333332,Percent
24,2,Simone Biles,29.0,8.333333333333332,Percent
24,3,Bonner Bolton,24.0,9.090909090909092,Percent
24,3,Charo,24.0,9.090909090909092,Percent
24,3,David Ross,31.0,9.090909090909092,Percent
24,3,Erika Jayne,26.0,9.090909090909092,Percent
24,3,Heather Morris,33.0,9.090909090909092,Percent
24,3,Mr. T,24.0,9.090909090909092,Percent
24,3,Nancy Kerrigan,33.0,9.090909090909092,Percent
24,3,Nick Viall,26.0,9.090909090909092,Percent
24,3,Normani,34.0,9.090909090909092,Percent
24,3,Rashad Jennings,28.0,9.090909090909092,Percent
24,3,Simone Biles,32.0,9.090909090909092,Percent
24,4,Bonner Bolton,32.0,10.0,Percent
24,4,David Ross,31.0,10.0,Percent
24,4,Erika Jayne,30.0,10.0,Percent
24,4,Heather Morris,35.0,10.0,Percent
24,4,Mr. T,28.0,10.0,Percent
24,4,Nancy Kerrigan,33.0,10.0,Percent
24,4,Nick Viall,30.0,10.0,Percent
24,4,Normani,32.0,10.0,Percent
24,4,Rashad Jennings,39.0,10.0,Percent
24,4,Simone Biles,36.0,10.0,Percent
24,5,Bonner Bolton,30.0,11.22579215830853,Percent
24,5,David Ross,29.0,11.554739526729582,Percent
24,5,Erika Jayne,32.0,10.567897421466425,Percent
24,5,Heather Morris,34.0,11.108595148915784,Percent
24,5,Nancy Kerrigan,36.0,11.10859514891589,Percent
24,5,Nick Viall,34.0,11.108595148915919,Percent
24,5,Normani,39.0,11.108595148915962,Percent
24,5,Rashad Jennings,32.0,11.10859514891593,Percent
24,5,Simone Biles,38.0,11.108595148915972,Percent
24,6,Bonner Bolton,31.5,12.891907445112238,Percent
24,6,David Ross,31.0,13.077781051060194,Percent
24,6,Heather Morris,37.0,10.84729777968473,Percent
24,6,Nancy Kerrigan,33.5,12.479839766783753,Percent
24,6,Nick Viall,30.5,13.26365465700815,Percent
24,6,Normani,36.0,12.479839766783657,Percent
24,6,Rashad Jennings,35.0,12.479839766783664,Percent
24,6,Simone Biles,34.5,12.479839766783615,Percent
24,7,Bonner Bolton,31.0,15.183644576442381,Percent
24,7,David Ross,32.0,14.788387659446334,Percent
24,7,Nancy Kerrigan,36.0,13.207359991462145,Percent
24,7,Nick Viall,34.0,13.997873825454239,Percent
24,7,Normani,42.0,14.274244649064983,Percent
24,7,Rashad Jennings,39.0,14.274244649064913,Percent
24,7,Simone Biles,39.0,14.274244649065002,Percent
24,8,Bonner Bolton,29.0,20.0,Percent
24,8,David Ross,32.5,20.0,Percent
24,8,Normani,39.5,20.0,Percent
24,8,Rashad Jennings,37.5,20.0,Percent
24,8,Simone Biles,36.0,20.0,Percent
24,9,David Ross,35.0,26.677377960040044,Percent
24,9,Normani,38.0,24.972787056461605,Percent
24,9,Rashad Jennings,38.5,24.97278705646161,Percent
24,9,Simone Biles,40.0,23.377047927036745,Percent
24,10,David Ross,36.3333,33.33333333333333,Percent
24,10,Normani,39.333200000000005,33.33333333333333,Percent
24,10,Rashad Jennings,39.6666,33.33333333333333,Percent
25,1,Barbara Corcoran,14.0,7.6923076923076925,Percent
25,1,Debbie Gibson,17.0,7.6923076923076925,Percent
25,1,Derek Fisher,18.0,7.6923076923076925,Percent
25,1,Drew Scott,16.0,7.6923076923076925,Percent
25,1,Frankie Muniz,19.0,7.6923076923076925,Percent
25,1,Jordan Fisher,22.0,7.6923076923076925,Percent
25,1,Lindsey Stirling,22.0,7.6923076923076925,Percent
25,1,Nick Lachey,18.0,7.6923076923076925,Percent
25,1,Nikki Bella,20.0,7.6923076923076925,Percent
25,1,Sasha Pieterse,18.0,7.6923076923076925,Percent
25,1,Terrell Owens,15.0,7.6923076923076925,Percent
25,1,Vanessa Lachey,21.0,7.6923076923076925,Percent
25,1,Victoria Arlen,19.0,7.6923076923076925,Percent
25,2,Barbara Corcoran,17.0,7.6913795826354825,Percent
25,2,Debbie Gibson,20.5,7.328171962803285,Percent
25,2,Derek Fisher,19.0,7.876618032273121,Percent
25,2,Drew Scott,20.5,7.6913706469532395,Percent
25,2,Frankie Muniz,24.0,7.691379582635034,Percent
25,2,Jordan Fisher,24.0,7.691379582635117,Percent
25,2,Lindsey Stirling,22.5,7.691379582634999,Percent
25,2,Nick Lachey,19.0,7.876618032273121,Percent
25,2,Nikki Bella,19.5,7.693802675783176,Percent
25,2,Sasha Pieterse,22.5,7.691379582635467,Percent
25,2,Terrell Owens,19.5,7.693802675783176,Percent
25,2,Vanessa Lachey,23.5,7.691354562636356,Percent
25,2,Victoria Arlen,22.0,7.691363498318417,Percent
25,3,Derek Fisher,21.0,9.090909090909092,Percent
25,3,Drew Scott,23.0,9.090909090909092,Percent
25,3,Frankie Muniz,21.0,9.090909090909092,Percent
25,3,Jordan Fisher,25.0,9.090909090909092,Percent
25,3,Lindsey Stirling,27.0,9.090909090909092,Percent
25,3,Nick Lachey,21.0,9.090909090909092,Percent
25,3,Nikki Bella,21.0,9.090909090909092,Percent
25,3,Sasha Pieterse,19.0,9.090909090909092,Percent
25,3,Terrell Owens,21.0,9.090909090909092,Percent
25,3,Vanessa Lachey,23.0,9.090909090909092,Percent
25,3,Victoria Arlen,22.0,9.090909090909092,Percent
25,4,Derek Fisher,23.0,8.908071013255686,Percent
25,4,Drew Scott,24.0,9.090501615578841,Percent
25,4,Frankie Muniz,24.0,9.09053141763196,Percent
25,4,Jordan Fisher,29.0,9.090501615578535,Percent
25,4,Lindsey Stirling,26.0,9.090531417631754,Percent
25,4,Nick Lachey,22.0,9.277074703292588,Percent
25,4,Nikki Bella,24.0,9.090531417631691,Percent
25,4,Sasha Pieterse,24.0,9.09053141763176,Percent
25,4,Terrell Owens,24.0,9.09055525922023,Percent
25,4,Vanessa Lachey,24.0,9.090585061273591,Percent
25,4,Victoria Arlen,27.0,9.090585061273362,Percent
25,5,Drew Scott,25.0,9.998527808528427,Percent
25,5,Frankie Muniz,29.0,9.998527808528474,Percent
25,5,Jordan Fisher,30.0,9.998527808528593,Percent
25,5,Lindsey Stirling,28.0,9.998527808528403,Percent
25,5,Nick Lachey,22.0,10.389015627614764,Percent
25,5,Nikki Bella,27.0,9.998527808528422,Percent
25,5,Sasha Pieterse,24.0,9.622732102710552,Percent
25,5,Terrell Owens,25.0,9.99852780852842,Percent
25,5,Vanessa Lachey,24.0,9.99852780852865,Percent
25,5,Victoria Arlen,27.0,9.998557609975299,Percent
25,6,Drew Scott,30.0,11.11111111111111,Percent
25,6,Frankie Muniz,31.0,11.11111111111111,Percent
25,6,Jordan Fisher,39.0,11.11111111111111,Percent
25,6,Lindsey Stirling,40.0,11.11111111111111,Percent
25,6,Nick Lachey,26.0,11.11111111111111,Percent
25,6,Nikki Bella,36.0,11.11111111111111,Percent
25,6,Terrell Owens,37.0,11.11111111111111,Percent
25,6,Vanessa Lachey,36.0,11.11111111111111,Percent
25,6,Victoria Arlen,31.0,11.11111111111111,Percent
25,7,Drew Scott,28.5,12.49657607678558,Percent
25,7,Frankie Muniz,30.0,12.496576076785779,Percent
25,7,Jordan Fisher,27.0,12.49659999939347,Percent
25,7,Lindsey Stirling,25.5,12.583217944332825,Percent
25,7,Nikki Bella,24.0,12.496576076785807,Percent
25,7,Terrell Owens,24.5,13.048334223402591,Percent
25,7,Vanessa Lachey,27.0,11.885543525728174,Percent
25,7,Victoria Arlen,28.5,12.496576076785775,Percent
25,8,Drew Scott,23.5,17.203549679695474,Percent
25,8,Frankie Muniz,26.5,16.662273017561642,Percent
25,8,Jordan Fisher,30.0,16.662273017561642,Percent
25,8,Lindsey Stirling,27.0,16.66224901524716,Percent
25,8,Terrell Owens,25.5,15.925594408129978,Percent
25,8,Victoria Arlen,24.0,16.8840608618041,Percent
25,9,Drew Scott,24.0,21.373157851165697,Percent
25,9,Frankie Muniz,25.5,20.262046740054586,Percent
25,9,Jordan Fisher,29.0,19.977300198003086,Percent
25,9,Lindsey Stirling,28.5,19.977300322573907,Percent
25,9,Victoria Arlen,28.0,18.41019488820273,Percent
25,10,Drew Scott,37.5,25.0,Percent
25,10,Frankie Muniz,38.8887,25.0,Percent
25,10,Jordan Fisher,40.0,25.0,Percent
25,10,Lindsey Stirling,40.0,25.0,Percent
26,1,Adam Rippon,24.0,9.997723205996259,Percent
26,1,Arike Ogunbowale,20.0,9.99772320599626,Percent
26,1,Chris Mazdzer,21.0,9.99772320599625,Percent
26,1,Jamie Anderson,19.0,9.532886898855883,Percent
26,1,Jennie Finch Daigle,21.0,9.997723205996154,Percent
26,1,Johnny Damon,18.0,9.997723205996097,Percent
26,1,Josh Norman,24.0,9.997723205996326,Percent
26,1,Kareem Abdul-Jabbar,17.0,10.485267851236838,Percent
26,1,Mirai Nagasu,23.0,9.99775300696506,Percent
26,1,Tonya Harding,23.0,9.997753006964876,Percent
26,2,Adam Rippon,37.0,12.49415806323853,Percent
26,2,Arike Ogunbowale,35.0,11.637462293946417,Percent
26,2,Chris Mazdzer,33.0,12.494158435298887,Percent
26,2,Jennie Finch Daigle,31.5,12.945873508899686,Percent
26,2,Josh Norman,31.5,12.945873508899686,Percent
26,2,Kareem Abdul-Jabbar,29.5,12.494158063238933,Percent
26,2,Mirai Nagasu,37.0,12.494158063238938,Percent
26,2,Tonya Harding,33.0,12.494158063238933,Percent
26,3,Adam Rippon,41.0,16.666666666666664,Percent
26,3,Chris Mazdzer,33.0,16.666666666666664,Percent
26,3,Jennie Finch Daigle,29.0,16.666666666666664,Percent
26,3,Josh Norman,38.0,16.666666666666664,Percent
26,3,Mirai Nagasu,35.0,16.666666666666664,Percent
26,3,Tonya Harding,35.0,16.666666666666664,Percent
26,4,Adam Rippon,29.0,33.33333333333333,Percent
26,4,Josh Norman,28.5,33.33333333333333,Percent
26,4,Tonya Harding,28.0,33.33333333333333,Percent
27,1,Alexis Ren,22.0,7.687603748158484,Percent
27,1,Bobby Bones,20.0,7.687603748158285,Percent
27,1,Danelle Umstead,18.0,7.687603748157999,Percent
27,1,DeMarcus Ware,23.0,7.687603748158091,Percent
27,1,Evanna Lynch,18.0,7.68760374815818,Percent
27,1,Joe Amabile,14.0,8.404451115452535,Percent
27,1,John Schneider,18.0,7.687603748157951,Percent
27,1,Juan Pablo Di Pace,22.0,7.687603748158284,Percent
27,1,Mary Lou Retton,20.0,7.687603748157888,Percent
27,1,Milo Manheim,20.0,7.687606493289222,Percent
27,1,Nancy McKeon,19.5,7.687603748158336,Percent
27,1,Nikki Glaser,17.5,7.03190209584469,Percent
27,1,Tinashe,23.0,7.6876065619900364,Percent
27,2,Alexis Ren,24.5,8.333006300439534,Percent
27,2,Bobby Bones,19.5,8.333006300439278,Percent
27,2,Danelle Umstead,18.5,8.150128444419433,Percent
27,2,DeMarcus Ware,23.5,8.333000342106784,Percent
27,2,Evanna Lynch,24.0,8.333006300439214,Percent
27,2,Joe Amabile,17.5,8.5198142115174,Percent
27,2,John Schneider,21.5,8.333006300439202,Percent
27,2,Juan Pablo Di Pace,26.0,8.333006300439404,Percent
27,2,Mary Lou Retton,23.0,8.333006300439212,Percent
27,2,Milo Manheim,26.0,8.33300630043902,Percent
27,2,Nancy McKeon,20.5,8.333006300439223,Percent
27,2,Tinashe,26.0,8.333006598442289,Percent
27,3,Alexis Ren,26.0,9.08552652951363,Percent
27,3,Bobby Bones,23.0,9.085526529513114,Percent
27,3,DeMarcus Ware,26.0,9.085526529513245,Percent
27,3,Evanna Lynch,27.0,9.085526529512876,Percent
27,3,Joe Amabile,18.0,9.853143357220237,Percent
27,3,John Schneider,21.0,9.085526529512993,Percent
27,3,Juan Pablo Di Pace,30.0,9.085526529512817,Percent
27,3,Mary Lou Retton,24.0,9.085526529512974,Percent
27,3,Milo Manheim,27.0,9.085521169557815,Percent
27,3,Nancy McKeon,22.0,8.377128597072636,Percent
27,3,Tinashe,27.0,9.085521169557664,Percent
27,4,Alexis Ren,25.0,9.94250367283482,Percent
27,4,Bobby Bones,20.0,10.27783626416478,Percent
27,4,DeMarcus Ware,22.0,9.94250367283474,Percent
27,4,Evanna Lynch,24.0,9.942503672834567,Percent
27,4,Joe Amabile,15.0,12.433008677957885,Percent
27,4,John Schneider,21.0,9.942503672834647,Percent
27,4,Juan Pablo Di Pace,24.0,9.942503672834691,Percent
27,4,Mary Lou Retton,26.0,9.942503672834823,Percent
27,4,Milo Manheim,29.0,9.942503653255997,Percent
27,4,Tinashe,26.0,7.691629367613056,Percent
27,5,Alexis Ren,29.0,11.11111111111111,Percent
27,5,Bobby Bones,21.0,11.11111111111111,Percent
27,5,DeMarcus Ware,26.0,11.11111111111111,Percent
27,5,Evanna Lynch,24.0,11.11111111111111,Percent
27,5,Joe Amabile,17.0,11.11111111111111,Percent
27,5,John Schneider,24.0,11.11111111111111,Percent
27,5,Juan Pablo Di Pace,29.0,11.11111111111111,Percent
27,5,Mary Lou Retton,25.0,11.11111111111111,Percent
27,5,Milo Manheim,27.0,11.11111111111111,Percent
27,6,Alexis Ren,27.0,11.099212207759686,Percent
27,6,Bobby Bones,22.0,11.099212207759726,Percent
27,6,DeMarcus Ware,26.0,11.099212207759697,Percent
27,6,Evanna Lynch,29.0,11.09921220775974,Percent
27,6,Joe Amabile,22.0,11.099212207759809,Percent
27,6,John Schneider,19.0,12.244460329609453,Percent
27,6,Juan Pablo Di Pace,30.0,11.099212207759777,Percent
27,6,Mary Lou Retton,24.0,10.061054216072336,Percent
27,6,Milo Manheim,30.0,11.09921220775977,Percent
27,7,Alexis Ren,27.5,12.49260793480425,Percent
27,7,Bobby Bones,26.5,12.492607934804486,Percent
27,7,DeMarcus Ware,26.5,12.12917833747191,Percent
27,7,Evanna Lynch,29.5,12.49260769558542,Percent
27,7,Joe Amabile,23.5,13.508488682299497,Percent
27,7,John Schneider,27.0,11.899293280000645,Percent
27,7,Juan Pablo Di Pace,28.0,12.492608067516903,Percent
27,7,Milo Manheim,29.0,12.492608067516903,Percent
27,8,Alexis Ren,29.0,16.612612524605396,Percent
27,8,Bobby Bones,22.5,19.103977964932923,Percent
27,8,Evanna Lynch,29.0,16.612612524605225,Percent
27,8,Joe Amabile,23.0,16.612606539642922,Percent
27,8,Juan Pablo Di Pace,30.0,14.445592871765223,Percent
27,8,Milo Manheim,27.5,16.61259757444831,Percent
27,9,Alexis Ren,28.5,25.0,Percent
27,9,Bobby Bones,27.0,25.0,Percent
27,9,Evanna Lynch,30.0,25.0,Percent
27,9,Milo Manheim,30.0,25.0,Percent
28,1,Ally Brooke,16.0,8.333333333333332,Rank
28,1,Hannah Brown,20.0,8.333333333333332,Rank
28,1,James Van Der Beek,21.0,8.333333333333332,Rank
28,1,Karamo Brown,17.0,8.333333333333332,Rank
28,1,Kate Flannery,15.0,8.333333333333332,Rank
28,1,Kel Mitchell,16.0,8.333333333333332,Rank
28,1,Lamar Odom,11.0,8.333333333333332,Rank
28,1,Lauren Alaina,19.0,8.333333333333332,Rank
28,1,Mary Wilson,17.0,8.333333333333332,Rank
28,1,Ray Lewis,15.0,8.333333333333332,Rank
28,1,Sailor Brinkley-Cook,18.0,8.333333333333332,Rank
28,1,Sean Spicer,12.0,8.333333333333332,Rank
28,2,Ally Brooke,20.0,8.342733333333333,Rank
28,2,Hannah Brown,24.0,8.331133333333334,Rank
28,2,James Van Der Beek,20.0,8.339533333333332,Rank
28,2,Karamo Brown,19.0,8.328933333333335,Rank
28,2,Kate Flannery,21.0,8.336733333333333,Rank
28,2,Kel Mitchell,20.0,8.337133333333332,Rank
28,2,Lamar Odom,12.0,8.345133333333335,Rank
28,2,Lauren Alaina,19.0,8.33773333333333,Rank
28,2,Mary Wilson,15.0,8.287133333333337,Rank
28,2,Ray Lewis,15.0,8.337733333333336,Rank
28,2,Sailor Brinkley-Cook,18.0,8.340933333333332,Rank
28,2,Sean Spicer,16.0,8.335133333333332,Rank
28,3,Ally Brooke,24.0,10.0,Rank
28,3,Hannah Brown,21.0,10.0,Rank
28,3,James Van Der Beek,23.0,10.0,Rank
28,3,Karamo Brown,16.0,10.0,Rank
28,3,Kate Flannery,24.0,10.0,Rank
28,3,Kel Mitchell,20.0,10.0,Rank
28,3,Lamar Odom,12.0,10.0,Rank
28,3,Lauren Alaina,20.0,10.0,Rank
28,3,Sailor Brinkley-Cook,23.0,10.0,Rank
28,3,Sean Spicer,15.0,10.0,Rank
28,4,Ally Brooke,32.0,9.994599999999995,Rank
28,4,Hannah Brown,32.0,9.9948,Rank
28,4,James Van Der Beek,28.0,10.003000000000002,Rank
28,4,Karamo Brown,28.0,10.008200000000002,Rank
28,4,Kate Flannery,26.0,10.007600000000002,Rank
28,4,Kel Mitchell,32.0,10.003800000000002,Rank
28,4,Lamar Odom,20.0,9.976599999999998,Rank
28,4,Lauren Alaina,32.0,10.0,Rank
28,4,Sailor Brinkley-Cook,31.0,10.0032,Rank
28,4,Sean Spicer,21.0,10.008199999999999,Rank
28,5,Ally Brooke,27.0,11.11111111111111,Rank
28,5,Hannah Brown,25.0,11.11111111111111,Rank
28,5,James Van Der Beek,26.0,11.11111111111111,Rank
28,5,Karamo Brown,21.0,11.11111111111111,Rank
28,5,Kate Flannery,24.0,11.11111111111111,Rank
28,5,Kel Mitchell,26.0,11.11111111111111,Rank
28,5,Lauren Alaina,23.0,11.11111111111111,Rank
28,5,Sailor Brinkley-Cook,24.0,11.11111111111111,Rank
28,5,Sean Spicer,19.0,11.11111111111111,Rank
28,6,Ally Brooke,25.0,11.128611111111104,Rank
28,6,Hannah Brown,24.0,11.141111111111105,Rank
28,6,James Van Der Beek,27.0,11.088611111111119,Rank
28,6,Karamo Brown,25.0,11.123611111111103,Rank
28,6,Kate Flannery,27.0,11.083611111111122,Rank
28,6,Kel Mitchell,26.0,11.106111111111105,Rank
28,6,Lauren Alaina,26.0,11.106111111111128,Rank
28,6,Sailor Brinkley-Cook,27.0,11.071111111111117,Rank
28,6,Sean Spicer,21.0,11.151111111111103,Rank
28,7,Ally Brooke,27.0,12.501600000000002,Rank
28,7,Hannah Brown,26.0,12.500499999999997,Rank
28,7,James Van Der Beek,27.0,12.501299999999995,Rank
28,7,Karamo Brown,24.5,12.473700000000015,Rank
28,7,Kate Flannery,24.0,12.504499999999998,Rank
28,7,Kel Mitchell,25.5,12.503499999999997,Rank
28,7,Lauren Alaina,27.0,12.499800000000002,Rank
28,7,Sean Spicer,21.0,12.51509999999999,Rank
28,8,Ally Brooke,30.0,14.288014285714285,Rank
28,8,Hannah Brown,30.9998,14.284614285714287,Rank
28,8,James Van Der Beek,31.9998,14.287214285714288,Rank
28,8,Kate Flannery,25.9998,14.262014285714288,Rank
28,8,Kel Mitchell,29.9998,14.286714285714275,Rank
28,8,Lauren Alaina,24.0,14.292914285714275,Rank
28,8,Sean Spicer,20.0,14.298514285714269,Rank
28,9,Ally Brooke,40.0,16.67086666666667,Rank
28,9,Hannah Brown,35.5,16.668666666666663,Rank
28,9,James Van Der Beek,36.0,16.667266666666663,Rank
28,9,Kel Mitchell,37.0,16.666566666666665,Rank
28,9,Lauren Alaina,35.0,16.672966666666667,Rank
28,9,Sean Spicer,25.0,16.653666666666663,Rank
28,10,Ally Brooke,29.5,20.000465116279052,Rank
28,10,Hannah Brown,27.0,20.002674418604652,Rank
28,10,James Van Der Beek,25.5,19.993488372093008,Rank
28,10,Kel Mitchell,28.5,20.000697674418607,Rank
28,10,Lauren Alaina,27.0,20.002674418604645,Rank
28,11,Ally Brooke,30.0,25.0,Rank
28,11,Hannah Brown,29.0,25.0,Rank
28,11,Kel Mitchell,29.5,25.0,Rank
28,11,Lauren Alaina,28.5,25.0,Rank
29,1,AJ McLean,18.0,6.666666666666667,Rank
29,1,Anne Heche,18.0,6.666666666666667,Rank
29,1,Carole Baskin,11.0,6.666666666666667,Rank
29,1,Charles Oakley,12.0,6.666666666666667,Rank
29,1,Chrishell Stause,13.0,6.666666666666667,Rank
29,1,Jeannie Mai,18.0,6.666666666666667,Rank
29,1,Jesse Metcalfe,18.0,6.666666666666667,Rank
29,1,Johnny Weir,18.0,6.666666666666667,Rank
29,1,Justina Machado,21.0,6.666666666666667,Rank
29,1,Kaitlyn Bristowe,20.0,6.666666666666667,Rank
29,1,Monica Aldama,19.0,6.666666666666667,Rank
29,1,Nelly,16.0,6.666666666666667,Rank
29,1,Nev Schulman,20.0,6.666666666666667,Rank
29,1,Skai Jackson,21.0,6.666666666666667,Rank
29,1,Veron Davis,17.0,6.666666666666667,Rank
29,2,AJ McLean,19.0,6.667866666666663,Rank
29,2,Anne Heche,18.0,6.666866666666666,Rank
29,2,Carole Baskin,16.0,6.676266666666661,Rank
29,2,Charles Oakley,15.0,6.62146666666667,Rank
29,2,Chrishell Stause,18.0,6.6626666666666665,Rank
29,2,Jeannie Mai,18.0,6.676866666666658,Rank
29,2,Jesse Metcalfe,20.0,6.661666666666665,Rank
29,2,Johnny Weir,18.0,6.674266666666667,Rank
29,2,Justina Machado,21.0,6.663066666666668,Rank
29,2,Kaitlyn Bristowe,22.0,6.66466666666667,Rank
29,2,Monica Aldama,16.0,6.6722666666666735,Rank
29,2,Nelly,18.0,6.67706666666667,Rank
29,2,Nev Schulman,21.0,6.664666666666669,Rank
29,2,Skai Jackson,15.0,6.681866666666666,Rank
29,2,Veron Davis,18.0,6.6684666666666645,Rank
29,3,AJ McLean,21.0,7.137657142857141,Rank
29,3,Anne Heche,15.0,7.160257142857141,Rank
29,3,Carole Baskin,12.0,7.104857142857143,Rank
29,3,Chrishell Stause,22.0,7.137057142857136,Rank
29,3,Jeannie Mai,22.0,7.140057142857143,Rank
29,3,Jesse Metcalfe,20.0,7.150457142857149,Rank
29,3,Johnny Weir,24.0,7.146657142857145,Rank
29,3,Justina Machado,19.0,7.151257142857142,Rank
29,3,Kaitlyn Bristowe,23.0,7.144657142857145,Rank
29,3,Monica Aldama,21.0,7.148057142857144,Rank
29,3,Nelly,18.0,7.151057142857143,Rank
29,3,Nev Schulman,24.0,7.133857142857149,Rank
29,3,Skai Jackson,18.0,7.153057142857144,Rank
29,3,Veron Davis,22.0,7.141057142857137,Rank
29,4,AJ McLean,24.0,7.682307692307691,Rank
29,4,Anne Heche,21.0,7.647307692307699,Rank
29,4,Chrishell Stause,22.0,7.696507692307695,Rank
29,4,Jeannie Mai,21.0,7.702707692307693,Rank
29,4,Jesse Metcalfe,21.0,7.704507692307688,Rank
29,4,Johnny Weir,24.0,7.686107692307692,Rank
29,4,Justina Machado,24.0,7.691107692307692,Rank
29,4,Kaitlyn Bristowe,25.0,7.69830769230769,Rank
29,4,Monica Aldama,24.0,7.699307692307686,Rank
29,4,Nelly,21.0,7.702907692307692,Rank
29,4,Nev Schulman,24.0,7.691907692307693,Rank
29,4,Skai Jackson,28.0,7.699707692307696,Rank
29,4,Veron Davis,22.0,7.697307692307693,Rank
29,5,AJ McLean,24.0,8.335533333333336,Rank
29,5,Chrishell Stause,19.0,8.346533333333332,Rank
29,5,Jeannie Mai,24.0,8.342133333333331,Rank
29,5,Jesse Metcalfe,19.0,8.303733333333339,Rank
29,5,Johnny Weir,29.0,8.328933333333335,Rank
29,5,Justina Machado,24.0,8.333733333333324,Rank
29,5,Kaitlyn Bristowe,27.0,8.335933333333331,Rank
29,5,Monica Aldama,26.0,8.33193333333333,Rank
29,5,Nelly,24.0,8.331133333333328,Rank
29,5,Nev Schulman,26.0,8.331933333333334,Rank
29,5,Skai Jackson,24.0,8.330733333333335,Rank
29,5,Veron Davis,21.0,8.347733333333334,Rank
29,6,AJ McLean,27.0,9.089309090909092,Rank
29,6,Chrishell Stause,24.0,9.096309090909086,Rank
29,6,Jeannie Mai,25.0,9.094909090909093,Rank
29,6,Johnny Weir,22.0,9.09370909090909,Rank
29,6,Justina Machado,27.0,9.08870909090909,Rank
29,6,Kaitlyn Bristowe,27.0,9.094309090909091,Rank
29,6,Monica Aldama,27.0,9.097109090909088,Rank
29,6,Nelly,24.0,9.094709090909092,Rank
29,6,Nev Schulman,26.0,9.09470909090909,Rank
29,6,Skai Jackson,18.0,9.104109090909086,Rank
29,6,Veron Davis,21.0,9.052109090909092,Rank
29,7,AJ McLean,26.0,9.996799999999997,Rank
29,7,Chrishell Stause,26.0,9.998800000000005,Rank
29,7,Jeannie Mai,25.0,10.012400000000005,Rank
29,7,Johnny Weir,27.0,9.995399999999998,Rank
29,7,Justina Machado,26.0,10.002799999999995,Rank
29,7,Kaitlyn Bristowe,24.0,10.012200000000002,Rank
29,7,Monica Aldama,22.0,9.978199999999998,Rank
29,7,Nelly,27.0,10.002999999999997,Rank
29,7,Nev Schulman,30.0,9.999200000000005,Rank
29,7,Skai Jackson,27.0,10.001200000000003,Rank
29,8,AJ McLean,27.0,12.507699999999994,Rank
29,8,Chrishell Stause,27.0,12.47170000000002,Rank
29,8,Johnny Weir,30.0,12.497900000000003,Rank
29,8,Justina Machado,28.9998,12.495200000000004,Rank
29,8,Kaitlyn Bristowe,28.0,12.503699999999995,Rank
29,8,Nelly,24.0,12.517499999999988,Rank
29,8,Nev Schulman,30.0,12.4969,Rank
29,8,Skai Jackson,26.9998,12.509399999999998,Rank
29,9,AJ McLean,24.9998,14.26601428571429,Rank
29,9,Johnny Weir,30.0,14.287314285714285,Rank
29,9,Justina Machado,25.9998,14.289714285714286,Rank
29,9,Kaitlyn Bristowe,30.0,14.28631428571428,Rank
29,9,Nelly,24.0,14.294814285714274,Rank
29,9,Nev Schulman,28.9998,14.288314285714282,Rank
29,9,Skai Jackson,28.9998,14.28751428571428,Rank
29,10,Johnny Weir,28.5,16.666666666666664,Rank
29,10,Justina Machado,29.0,16.666666666666664,Rank
29,10,Kaitlyn Bristowe,30.0,16.666666666666664,Rank
29,10,Nelly,28.0,16.666666666666664,Rank
29,10,Nev Schulman,30.0,16.666666666666664,Rank
29,10,Skai Jackson,28.5,16.666666666666664,Rank
29,11,Justina Machado,30.0,25.0,Rank
29,11,Kaitlyn Bristowe,30.0,25.0,Rank
29,11,Nelly,28.5,25.0,Rank
29,11,Nev Schulman,30.0,25.0,Rank
30,1,Amanda Kloots,28.0,6.666666666666667,Rank
30,1,Brian Austin Green,24.0,6.666666666666667,Rank
30,1,Christine Chiu,25.0,6.666666666666667,Rank
30,1,Cody Rigsby,24.0,6.666666666666667,Rank
30,1,Iman Shumpert,21.0,6.666666666666667,Rank
30,1,Jimmie Allen,22.0,6.666666666666667,Rank
30,1,JoJo Siwa,29.0,6.666666666666667,Rank
30,1,Kenya Moore,26.0,6.666666666666667,Rank
30,1,Martin Kove,13.0,6.666666666666667,Rank
30,1,Matt James,24.0,6.666666666666667,Rank
30,1,Melanie C,27.0,6.666666666666667,Rank
30,1,Melora Hardin,26.0,6.666666666666667,Rank
30,1,"Mike ""The Miz"" Mizanin",24.0,6.666666666666667,Rank
30,1,Olivia Jade,25.0,6.666666666666667,Rank
30,1,Suni Lee,28.0,6.666666666666667,Rank
30,2,Amanda Kloots,32.0,6.6534666666666675,Rank
30,2,Brian Austin Green,23.0,6.678066666666662,Rank
30,2,Christine Chiu,24.0,6.67226666666666,Rank
30,2,Cody Rigsby,24.0,6.673066666666664,Rank
30,2,Iman Shumpert,25.0,6.67286666666667,Rank
30,2,Jimmie Allen,27.0,6.669266666666662,Rank
30,2,JoJo Siwa,31.0,6.671666666666676,Rank
30,2,Kenya Moore,24.0,6.659866666666665,Rank
30,2,Martin Kove,15.0,6.6258666666666794,Rank
30,2,Matt James,22.0,6.673866666666662,Rank
30,2,Melanie C,30.0,6.673666666666662,Rank
30,2,Melora Hardin,27.0,6.662066666666669,Rank
30,2,"Mike ""The Miz"" Mizanin",26.0,6.667466666666668,Rank
30,2,Olivia Jade,27.0,6.672666666666663,Rank
30,2,Suni Lee,28.0,6.673866666666668,Rank
30,3,Amanda Kloots,24.0,7.136457142857145,Rank
30,3,Brian Austin Green,19.0,7.169257142857142,Rank
30,3,Christine Chiu,21.0,7.0818571428571495,Rank
30,3,Cody Rigsby,18.0,7.1812571428571355,Rank
30,3,Iman Shumpert,19.0,7.161857142857139,Rank
30,3,Jimmie Allen,20.0,7.153657142857137,Rank
30,3,JoJo Siwa,24.0,7.13145714285715,Rank
30,3,Kenya Moore,21.0,7.1410571428571465,Rank
30,3,Matt James,20.0,7.156457142857134,Rank
30,3,Melanie C,22.0,7.138057142857143,Rank
30,3,Melora Hardin,23.0,7.130657142857146,Rank
30,3,"Mike ""The Miz"" Mizanin",22.0,7.1402571428571395,Rank
30,3,Olivia Jade,24.0,7.140657142857145,Rank
30,3,Suni Lee,21.0,7.137057142857141,Rank
30,4,Amanda Kloots,34.0,7.703507692307689,Rank
30,4,Brian Austin Green,26.0,7.665507692307701,Rank
30,4,Cody Rigsby,29.0,7.707507692307695,Rank
30,4,Iman Shumpert,31.5,7.710307692307692,Rank
30,4,Jimmie Allen,32.5,7.699707692307686,Rank
30,4,JoJo Siwa,35.0,7.69610769230769,Rank
30,4,Kenya Moore,29.5,7.696307692307687,Rank
30,4,Matt James,28.5,7.655507692307699,Rank
30,4,Melanie C,33.0,7.693107692307691,Rank
30,4,Melora Hardin,36.5,7.692907692307694,Rank
30,4,"Mike ""The Miz"" Mizanin",32.5,7.689707692307693,Rank
30,4,Olivia Jade,35.0,7.687907692307696,Rank
30,4,Suni Lee,34.0,7.701907692307697,Rank
30,5,Amanda Kloots,39.0,9.078309090909102,Rank
30,5,Cody Rigsby,32.0,9.117709090909083,Rank
30,5,Iman Shumpert,28.0,9.130709090909082,Rank
30,5,Jimmie Allen,34.0,9.110309090909084,Rank
30,5,JoJo Siwa,40.0,9.080509090909091,Rank
30,5,Kenya Moore,36.0,9.080309090909097,Rank
30,5,Melanie C,36.0,9.041309090909095,Rank
30,5,Melora Hardin,36.0,9.084709090909092,Rank
30,5,"Mike ""The Miz"" Mizanin",32.0,9.12010909090908,Rank
30,5,Olivia Jade,36.0,9.079509090909097,Rank
30,5,Suni Lee,36.0,9.076509090909102,Rank
30,6,Amanda Kloots,38.0,10.008600000000001,Rank
30,6,Cody Rigsby,36.0,9.997200000000003,Rank
30,6,Iman Shumpert,40.0,9.9994,Rank
30,6,Jimmie Allen,38.0,9.9924,Rank
30,6,JoJo Siwa,40.0,10.007600000000002,Rank
30,6,Kenya Moore,32.0,9.980000000000002,Rank
30,6,Melora Hardin,34.0,10.005399999999996,Rank
30,6,"Mike ""The Miz"" Mizanin",34.0,10.0142,Rank
30,6,Olivia Jade,36.0,9.994,Rank
30,6,Suni Lee,36.0,10.001199999999994,Rank
30,7,Amanda Kloots,34.0,11.111111111111116,Rank
30,7,Cody Rigsby,36.0,11.11171111111111,Rank
30,7,Iman Shumpert,34.0,11.111911111111109,Rank
30,7,Jimmie Allen,38.0,11.121311111111112,Rank
30,7,JoJo Siwa,39.0,11.108311111111115,Rank
30,7,Melora Hardin,38.0,11.113911111111111,Rank
30,7,"Mike ""The Miz"" Mizanin",32.0,11.09151111111111,Rank
30,7,Olivia Jade,42.0,11.116711111111107,Rank
30,7,Suni Lee,34.0,11.113511111111103,Rank
30,8,Amanda Kloots,42.0,12.501899999999996,Rank
30,8,Cody Rigsby,38.0,12.506899999999996,Rank
30,8,Iman Shumpert,35.0,12.51369999999999,Rank
30,8,Jimmie Allen,32.0,12.497200000000007,Rank
30,8,JoJo Siwa,41.0,12.502699999999997,Rank
30,8,Melora Hardin,42.0,12.501000000000003,Rank
30,8,Olivia Jade,36.0,12.477200000000014,Rank
30,8,Suni Lee,42.0,12.499400000000001,Rank
30,9,Amanda Kloots,39.5,16.666851851851856,Rank
30,9,Cody Rigsby,35.5,16.683518518518518,Rank
30,9,Iman Shumpert,37.5,16.672407407407412,Rank
30,9,JoJo Siwa,40.0,16.666481481481483,Rank
30,9,Melora Hardin,36.0,16.665370370370372,Rank
30,9,Suni Lee,37.5,16.64537037037037,Rank
30,10,Amanda Kloots,39.0,25.0,Rank
30,10,Cody Rigsby,38.0,25.0,Rank
30,10,Iman Shumpert,40.0,25.0,Rank
30,10,JoJo Siwa,40.0,25.0,Rank
31,1,Charli D'Amelio,32.0,6.2550000000000034,Rank
31,1,Cheryl Ladd,21.0,6.250800000000003,Rank
31,1,Daniel Durant,27.0,6.2584,Rank
31,1,Gabby Windey,28.0,6.248399999999997,Rank
31,1,Heidi D'Amelio,24.0,6.251199999999998,Rank
31,1,Jason Lewis,18.0,6.199600000000011,Rank
31,1,Jessie James Decker,20.0,6.249200000000006,Rank
31,1,Jordin Sparks,26.0,6.261599999999999,Rank
31,1,Joseph Baena,23.0,6.248799999999997,Rank
31,1,Sam Champion,20.0,6.254999999999999,Rank
31,1,Selma Blair,28.0,6.251599999999997,Rank
31,1,Shangela,28.0,6.245400000000004,Rank
31,1,Teresa Giudice,20.0,6.257199999999999,Rank
31,1,Trevor Donovan,21.0,6.251400000000006,Rank
31,1,Vinny Guadagnino,17.0,6.258399999999997,Rank
31,1,Wayne Brady,29.0,6.257999999999994,Rank
31,2,Charli D'Amelio,32.0,6.675266666666666,Rank
31,2,Cheryl Ladd,21.0,6.673466666666671,Rank
31,2,Daniel Durant,29.0,6.6722666666666735,Rank
31,2,Gabby Windey,32.0,6.6684666666666645,Rank
31,2,Heidi D'Amelio,28.0,6.665266666666665,Rank
31,2,Jessie James Decker,25.0,6.6786666666666665,Rank
31,2,Jordin Sparks,27.0,6.669266666666664,Rank
31,2,Joseph Baena,24.0,6.685866666666665,Rank
31,2,Sam Champion,26.0,6.666666666666668,Rank
31,2,Selma Blair,28.0,6.671666666666668,Rank
31,2,Shangela,28.0,6.672866666666668,Rank
31,2,Teresa Giudice,23.0,6.614866666666673,Rank
31,2,Trevor Donovan,30.0,6.662466666666665,Rank
31,2,Vinny Guadagnino,27.0,6.672266666666657,Rank
31,2,Wayne Brady,32.0,6.650666666666667,Rank
31,3,Charli D'Amelio,33.0,7.1410571428571465,Rank
31,3,Cheryl Ladd,24.0,7.096857142857151,Rank
31,3,Daniel Durant,31.0,7.143257142857144,Rank
31,3,Gabby Windey,33.0,7.146457142857143,Rank
31,3,Heidi D'Amelio,32.0,7.1440571428571475,Rank
31,3,Jessie James Decker,26.0,7.154457142857143,Rank
31,3,Jordin Sparks,29.0,7.1474571428571405,Rank
31,3,Joseph Baena,29.0,7.144857142857139,Rank
31,3,Sam Champion,25.0,7.157257142857146,Rank
31,3,Selma Blair,28.0,7.140657142857145,Rank
31,3,Shangela,30.0,7.140457142857143,Rank
31,3,Trevor Donovan,27.0,7.147057142857141,Rank
31,3,Vinny Guadagnino,23.0,7.15185714285714,Rank
31,3,Wayne Brady,33.0,7.14425714285714,Rank
31,4,Charli D'Amelio,36.0,7.689307692307692,Rank
31,4,Daniel Durant,29.0,7.69730769230769,Rank
31,4,Gabby Windey,36.0,7.688107692307689,Rank
31,4,Heidi D'Amelio,34.0,7.6905076923076905,Rank
31,4,Jessie James Decker,31.0,7.702507692307696,Rank
31,4,Jordin Sparks,34.0,7.693507692307692,Rank
31,4,Joseph Baena,28.0,7.704107692307692,Rank
31,4,Sam Champion,25.0,7.6539076923076985,Rank
31,4,Selma Blair,32.0,7.690507692307697,Rank
31,4,Shangela,32.0,7.6935076923076915,Rank
31,4,Trevor Donovan,28.0,7.7073076923076895,Rank
31,4,Vinny Guadagnino,29.0,7.69530769230769,Rank
31,4,Wayne Brady,36.0,7.694107692307696,Rank
31,5,Charli D'Amelio,42.0,8.333133333333333,Rank
31,5,Daniel Durant,33.5,8.344933333333334,Rank
31,5,Gabby Windey,41.0,8.327733333333338,Rank
31,5,Heidi D'Amelio,39.0,8.341933333333332,Rank
31,5,Jessie James Decker,36.0,8.340933333333332,Rank
31,5,Jordin Sparks,35.5,8.337133333333329,Rank
31,5,Joseph Baena,35.0,8.294333333333334,Rank
31,5,Selma Blair,40.0,8.333333333333336,Rank
31,5,Shangela,38.5,8.340533333333337,Rank
31,5,Trevor Donovan,36.0,8.326933333333338,Rank
31,5,Vinny Guadagnino,31.0,8.351533333333332,Rank
31,5,Wayne Brady,41.0,8.327533333333331,Rank
31,6,Charli D'Amelio,40.0,9.999400000000001,Rank
31,6,Daniel Durant,34.0,10.0028,Rank
31,6,Gabby Windey,37.0,9.997999999999994,Rank
31,6,Heidi D'Amelio,36.0,10.001200000000003,Rank
31,6,Jessie James Decker,32.0,9.974200000000005,Rank
31,6,Jordin Sparks,34.0,10.006999999999996,Rank
31,6,Shangela,36.0,10.000200000000001,Rank
31,6,Trevor Donovan,34.0,9.999599999999997,Rank
31,6,Vinny Guadagnino,28.0,10.015000000000002,Rank
31,6,Wayne Brady,34.0,10.002600000000005,Rank
31,7,Charli D'Amelio,39.0,11.110711111111113,Rank
31,7,Daniel Durant,36.5,11.108911111111114,Rank
31,7,Gabby Windey,35.5,11.115311111111112,Rank
31,7,Heidi D'Amelio,35.0,11.117311111111105,Rank
31,7,Jordin Sparks,34.5,11.088511111111112,Rank
31,7,Shangela,36.5,11.108111111111112,Rank
31,7,Trevor Donovan,39.0,11.111711111111108,Rank
31,7,Vinny Guadagnino,31.5,11.122711111111103,Rank
31,7,Wayne Brady,38.0,11.116711111111114,Rank
31,8,Charli D'Amelio,45.0,12.502299999999996,Rank
31,8,Daniel Durant,39.0,12.5031,Rank
31,8,Gabby Windey,40.0,12.506999999999996,Rank
31,8,Heidi D'Amelio,35.0,12.482700000000012,Rank
31,8,Shangela,42.0,12.502400000000002,Rank
31,8,Trevor Donovan,39.0,12.507999999999992,Rank
31,8,Vinny Guadagnino,29.0,12.492700000000005,Rank
31,8,Wayne Brady,45.0,12.501799999999996,Rank
31,9,Charli D'Amelio,40.0,16.66825757575757,Rank
31,9,Daniel Durant,34.5,16.65575757575756,Rank
31,9,Gabby Windey,40.0,16.66825757575758,Rank
31,9,Shangela,36.5,16.670984848484856,Rank
31,9,Trevor Donovan,32.5,16.665757575757578,Rank
31,9,Wayne Brady,36.5,16.670984848484856,Rank
31,10,Charli D'Amelio,40.0,25.0,Rank
31,10,Gabby Windey,40.0,25.0,Rank
31,10,Shangela,38.0,25.0,Rank
31,10,Wayne Brady,38.0,25.0,Rank
32,1,Adrian Peterson,18.0,7.13585714285715,Rank
32,1,Alyson Hannigan,13.0,7.143657142857145,Rank
32,1,Ariana Madix,21.0,7.1474571428571405,Rank
32,1,Barry Williams,16.0,7.155257142857148,Rank
32,1,Charity Lawson,22.0,7.148657142857147,Rank
32,1,Harry Jowsey,12.0,7.160857142857139,Rank
32,1,Jamie Lynn Spears,15.0,7.1434571428571365,Rank
32,1,Jason Mraz,21.0,7.146657142857143,Rank
32,1,Lele Pons,19.0,7.135657142857142,Rank
32,1,Matt Walsh,12.0,7.094857142857148,Rank
32,1,Mauricio Umansky,15.0,7.142057142857144,Rank
32,1,Mira Sorvino,17.0,7.145057142857142,Rank
32,1,Tyson Beckford,12.0,7.158257142857137,Rank
32,1,Xochitl Gomez,18.0,7.14225714285714,Rank
32,2,Adrian Peterson,15.0,7.698907692307695,Rank
32,2,Alyson Hannigan,19.0,7.692107692307698,Rank
32,2,Ariana Madix,20.0,7.699107692307691,Rank
32,2,Barry Williams,15.0,7.700307692307691,Rank
32,2,Charity Lawson,21.0,7.698107692307693,Rank
32,2,Harry Jowsey,15.0,7.696107692307688,Rank
32,2,Jamie Lynn Spears,16.0,7.642707692307694,Rank
32,2,Jason Mraz,24.0,7.696907692307691,Rank
32,2,Lele Pons,21.0,7.693907692307694,Rank
32,2,Mauricio Umansky,12.0,7.7159076923076855,Rank
32,2,Mira Sorvino,18.0,7.684907692307692,Rank
32,2,Tyson Beckford,18.0,7.701507692307697,Rank
32,2,Xochitl Gomez,24.0,7.679507692307692,Rank
32,3,Adrian Peterson,22.0,8.34873333333333,Rank
32,3,Alyson Hannigan,24.0,8.336933333333336,Rank
32,3,Ariana Madix,34.0,8.338333333333328,Rank
32,3,Barry Williams,25.0,8.331333333333333,Rank
32,3,Charity Lawson,32.0,8.339933333333333,Rank
32,3,Harry Jowsey,24.0,8.334933333333332,Rank
32,3,Jason Mraz,34.0,8.333333333333337,Rank
32,3,Lele Pons,27.0,8.334333333333333,Rank
32,3,Mauricio Umansky,23.0,8.340733333333333,Rank
32,3,Mira Sorvino,26.0,8.326333333333334,Rank
32,3,Tyson Beckford,20.0,8.30073333333333,Rank
32,3,Xochitl Gomez,32.0,8.334333333333335,Rank
32,4,Adrian Peterson,21.0,9.04710909090909,Rank
32,4,Alyson Hannigan,18.0,9.11670909090909,Rank
32,4,Ariana Madix,25.0,9.091709090909086,Rank
32,4,Barry Williams,18.0,9.112709090909092,Rank
32,4,Charity Lawson,24.0,9.087509090909093,Rank
32,4,Harry Jowsey,21.0,9.090909090909097,Rank
32,4,Jason Mraz,24.0,9.087909090909088,Rank
32,4,Lele Pons,22.0,9.079509090909095,Rank
32,4,Mauricio Umansky,19.0,9.105709090909091,Rank
32,4,Mira Sorvino,21.0,9.093509090909087,Rank
32,4,Xochitl Gomez,27.0,9.086709090909087,Rank
32,5,Alyson Hannigan,21.0,10.012199999999998,Rank
32,5,Ariana Madix,24.0,9.9904,Rank
32,5,Barry Williams,24.0,9.999600000000003,Rank
32,5,Charity Lawson,28.0,10.002600000000001,Rank
32,5,Harry Jowsey,18.0,10.013800000000002,Rank
32,5,Jason Mraz,27.0,10.0024,Rank
32,5,Lele Pons,24.0,9.9978,Rank
32,5,Mauricio Umansky,24.0,10.0014,Rank
32,5,Mira Sorvino,22.0,9.971200000000001,Rank
32,5,Xochitl Gomez,28.0,10.008600000000003,Rank
32,6,Alyson Hannigan,31.0,11.125711111111103,Rank
32,6,Ariana Madix,41.0,11.105911111111114,Rank
32,6,Barry Williams,32.0,11.122311111111104,Rank
32,6,Charity Lawson,38.0,11.109911111111115,Rank
32,6,Harry Jowsey,29.0,11.127311111111107,Rank
32,6,Jason Mraz,39.0,11.11231111111111,Rank
32,6,Lele Pons,37.0,11.113311111111116,Rank
32,6,Mauricio Umansky,33.0,11.077111111111119,Rank
32,6,Xochitl Gomez,42.0,11.106111111111112,Rank
32,7,Alyson Hannigan,35.0,12.512699999999988,Rank
32,7,Ariana Madix,37.0,12.49130000000001,Rank
32,7,Barry Williams,32.5,12.51979999999998,Rank
32,7,Charity Lawson,36.0,12.49290000000001,Rank
32,7,Harry Jowsey,32.0,12.526599999999984,Rank
32,7,Jason Mraz,36.0,12.496600000000003,Rank
32,7,Lele Pons,36.5,12.466400000000021,Rank
32,7,Xochitl Gomez,37.0,12.493700000000004,Rank
32,8,Alyson Hannigan,36.0,14.290514285714274,Rank
32,8,Ariana Madix,42.0,14.285814285714283,Rank
32,8,Barry Williams,35.0,14.26181428571429,Rank
32,8,Charity Lawson,39.0,14.283214285714282,Rank
32,8,Harry Jowsey,28.0,14.298914285714282,Rank
32,8,Jason Mraz,33.0,14.291014285714276,Rank
32,8,Xochitl Gomez,40.0,14.288714285714285,Rank
32,9,Alyson Hannigan,32.0,16.671166666666668,Rank
32,9,Ariana Madix,37.0,16.669066666666666,Rank
32,9,Charity Lawson,38.0,16.670166666666663,Rank
32,9,Harry Jowsey,30.0,16.655466666666662,Rank
32,9,Jason Mraz,43.0,16.666266666666665,Rank
32,9,Xochitl Gomez,41.0,16.66786666666667,Rank
32,10,Alyson Hannigan,25.5,20.0,Rank
32,10,Ariana Madix,29.0,20.0,Rank
32,10,Charity Lawson,29.5,20.0,Rank
32,10,Jason Mraz,28.5,20.0,Rank
32,10,Xochitl Gomez,30.0,20.0,Rank
32,11,Alyson Hannigan,26.5,20.0,Rank
32,11,Ariana Madix,29.5,20.0,Rank
32,11,Charity Lawson,29.5,20.0,Rank
32,11,Jason Mraz,30.0,20.0,Rank
32,11,Xochitl Gomez,30.0,20.0,Rank
33,1,Anna Delvey,18.0,7.6923076923076925,Rank
33,1,Brooks Nader,18.0,7.6923076923076925,Rank
33,1,Chandler Kinney,23.0,7.6923076923076925,Rank
33,1,Danny Amendola,20.0,7.6923076923076925,Rank
33,1,Dwight Howard ,22.0,7.6923076923076925,Rank
33,1,Eric Roberts,15.0,7.6923076923076925,Rank
33,1,Ilona Maher,18.0,7.6923076923076925,Rank
33,1,Jenn Tran,19.0,7.6923076923076925,Rank
33,1,Joey Graziadei,21.0,7.6923076923076925,Rank
33,1,Phaedra Parks,19.0,7.6923076923076925,Rank
33,1,Reginald VelJohnson,16.0,7.6923076923076925,Rank
33,1,Stephen Nedoroscik,21.0,7.6923076923076925,Rank
33,1,Tori Spelling,17.0,7.6923076923076925,Rank
33,2,Anna Delvey,17.0,7.664307692307696,Rank
33,2,Brooks Nader,20.0,7.700307692307687,Rank
33,2,Chandler Kinney,24.0,7.6919076923076934,Rank
33,2,Danny Amendola,21.0,7.6821076923076905,Rank
33,2,Dwight Howard ,22.0,7.689707692307693,Rank
33,2,Eric Roberts,15.0,7.714107692307697,Rank
33,2,Ilona Maher,21.0,7.706107692307689,Rank
33,2,Jenn Tran,19.0,7.706907692307693,Rank
33,2,Joey Graziadei,22.0,7.694907692307691,Rank
33,2,Phaedra Parks,21.0,7.691707692307694,Rank
33,2,Reginald VelJohnson,15.0,7.712307692307689,Rank
33,2,Stephen Nedoroscik,22.0,7.701307692307694,Rank
33,2,Tori Spelling,19.0,7.644307692307699,Rank
33,3,Brooks Nader,30.5,9.091709090909092,Rank
33,3,Chandler Kinney,34.5,9.090909090909093,Rank
33,3,Danny Amendola,30.0,9.09570909090909,Rank
33,3,Dwight Howard ,26.0,9.102709090909087,Rank
33,3,Eric Roberts,23.0,9.064909090909092,Rank
33,3,Ilona Maher,28.0,9.092909090909087,Rank
33,3,Jenn Tran,31.0,9.094109090909093,Rank
33,3,Joey Graziadei,35.0,9.092109090909096,Rank
33,3,Phaedra Parks,28.0,9.100709090909092,Rank
33,3,Reginald VelJohnson,21.0,9.07490909090909,Rank
33,3,Stephen Nedoroscik,31.0,9.099309090909088,Rank
33,4,Brooks Nader,32.0,11.072711111111117,Rank
33,4,Chandler Kinney,32.0,11.111711111111113,Rank
33,4,Danny Amendola,36.0,11.108911111111116,Rank
33,4,Dwight Howard ,29.0,11.13951111111111,Rank
33,4,Ilona Maher,32.0,11.111511111111117,Rank
33,4,Jenn Tran,32.0,11.11651111111111,Rank
33,4,Joey Graziadei,36.0,11.115111111111105,Rank
33,4,Phaedra Parks,32.0,11.114111111111104,Rank
33,4,Stephen Nedoroscik,33.0,11.109911111111105,Rank
33,5,Chandler Kinney,27.0,12.5004,Rank
33,5,Danny Amendola,25.5,12.502499999999994,Rank
33,5,Dwight Howard ,24.0,12.511399999999995,Rank
33,5,Ilona Maher,26.0,12.501299999999999,Rank
33,5,Jenn Tran,25.5,12.500199999999998,Rank
33,5,Joey Graziadei,26.0,12.498800000000005,Rank
33,5,Phaedra Parks,24.0,12.475800000000014,Rank
33,5,Stephen Nedoroscik,24.0,12.509599999999994,Rank
33,6,Chandler Kinney,32.0,14.278114285714288,Rank
33,6,Danny Amendola,28.0,14.294714285714285,Rank
33,6,Dwight Howard ,31.0,14.28691428571428,Rank
33,6,Ilona Maher,24.0,14.306114285714278,Rank
33,6,Jenn Tran,31.0,14.257614285714295,Rank
33,6,Joey Graziadei,32.0,14.282214285714282,Rank
33,6,Stephen Nedoroscik,28.0,14.294314285714282,Rank
33,7,Chandler Kinney,30.0,16.66636666666667,Rank
33,7,Danny Amendola,25.5,16.67216666666666,Rank
33,7,Dwight Howard ,24.0,16.656266666666653,Rank
33,7,Ilona Maher,26.0,16.669466666666676,Rank
33,7,Joey Graziadei,27.5,16.665366666666667,Rank
33,7,Stephen Nedoroscik,27.0,16.67036666666667,Rank
33,8,Chandler Kinney,29.0,20.0,Rank
33,8,Danny Amendola,27.0,20.0,Rank
33,8,Ilona Maher,28.5,20.0,Rank
33,8,Joey Graziadei,29.0,20.0,Rank
33,8,Stephen Nedoroscik,26.5,20.0,Rank
33,9,Chandler Kinney,30.0,20.0,Rank
33,9,Danny Amendola,28.0,20.0,Rank
33,9,Ilona Maher,28.5,20.0,Rank
33,9,Joey Graziadei,29.5,20.0,Rank
33,9,Stephen Nedoroscik,29.5,20.0,Rank
34,1,Alix Earle,13.0,7.142857142857142,Rank
34,1,Andy Richter,9.0,7.142857142857142,Rank
34,1,Baron Davis,10.0,7.142857142857142,Rank
34,1,Corey Feldman,9.0,7.142857142857142,Rank
34,1,Danielle Fishel,12.0,7.142857142857142,Rank
34,1,Dylan Efron,10.0,7.142857142857142,Rank
34,1,Elaine Hendrix,12.0,7.142857142857142,Rank
34,1,Hilaria Baldwin,14.0,7.142857142857142,Rank
34,1,Jen Affleck,12.0,7.142857142857142,Rank
34,1,Jordan Chiles,10.0,7.142857142857142,Rank
34,1,Lauren Jauregui,13.0,7.142857142857142,Rank
34,1,Robert Irwin,15.0,7.142857142857142,Rank
34,1,Scott Hoying,10.0,7.142857142857142,Rank
34,1,Whitney Leavitt,15.0,7.142857142857142,Rank
34,2,Alix Earle,21.0,7.154057142857141,Rank
34,2,Andy Richter,16.0,7.168457142857141,Rank
34,2,Baron Davis,18.0,7.093457142857146,Rank
34,2,Corey Feldman,15.0,7.123457142857144,Rank
34,2,Danielle Fishel,19.0,7.145857142857145,Rank
34,2,Dylan Efron,20.0,7.146257142857147,Rank
34,2,Elaine Hendrix,21.0,7.1412571428571425,Rank
34,2,Hilaria Baldwin,21.0,7.148857142857139,Rank
34,2,Jen Affleck,22.0,7.145257142857144,Rank
34,2,Jordan Chiles,22.0,7.134257142857146,Rank
34,2,Lauren Jauregui,21.0,7.152057142857146,Rank
34,2,Robert Irwin,22.0,7.142257142857137,Rank
34,2,Scott Hoying,18.0,7.157857142857144,Rank
34,2,Whitney Leavitt,22.0,7.146657142857136,Rank
34,3,Alix Earle,23.0,8.343733333333335,Rank
34,3,Andy Richter,18.0,8.353133333333332,Rank
34,3,Danielle Fishel,21.0,8.327933333333329,Rank
34,3,Dylan Efron,23.0,8.329533333333334,Rank
34,3,Elaine Hendrix,21.0,8.332133333333333,Rank
34,3,Hilaria Baldwin,22.0,8.330933333333332,Rank
34,3,Jen Affleck,19.0,8.345933333333335,Rank
34,3,Jordan Chiles,24.0,8.329533333333337,Rank
34,3,Lauren Jauregui,18.0,8.29633333333333,Rank
34,3,Robert Irwin,22.0,8.339533333333334,Rank
34,3,Scott Hoying,22.0,8.33213333333333,Rank
34,3,Whitney Leavitt,24.0,8.339133333333331,Rank
34,4,Alix Earle,24.0,9.08790909090909,Rank
34,4,Andy Richter,18.0,9.121509090909088,Rank
34,4,Danielle Fishel,21.0,9.114109090909093,Rank
34,4,Dylan Efron,23.0,9.089709090909096,Rank
34,4,Elaine Hendrix,24.0,9.081109090909095,Rank
34,4,Hilaria Baldwin,23.0,9.043909090909095,Rank
34,4,Jen Affleck,23.0,9.088309090909092,Rank
34,4,Jordan Chiles,24.0,9.082309090909096,Rank
34,4,Robert Irwin,22.0,9.101509090909092,Rank
34,4,Scott Hoying,21.0,9.10790909090909,Rank
34,4,Whitney Leavitt,25.0,9.081709090909088,Rank
34,5,Alix Earle,35.0,10.0,Rank
34,5,Andy Richter,24.0,10.0,Rank
34,5,Danielle Fishel,29.0,10.0,Rank
34,5,Dylan Efron,36.0,10.0,Rank
34,5,Elaine Hendrix,30.0,10.0,Rank
34,5,Jen Affleck,29.0,10.0,Rank
34,5,Jordan Chiles,32.0,10.0,Rank
34,5,Robert Irwin,35.0,10.0,Rank
34,5,Scott Hoying,30.0,10.0,Rank
34,5,Whitney Leavitt,33.0,10.0,Rank
34,6,Alix Earle,35.0,9.994799999999996,Rank
34,6,Andy Richter,27.0,10.016599999999997,Rank
34,6,Danielle Fishel,36.0,9.997399999999997,Rank
34,6,Dylan Efron,32.0,10.002000000000002,Rank
34,6,Elaine Hendrix,36.0,10.003599999999995,Rank
34,6,Jen Affleck,32.0,10.006200000000002,Rank
34,6,Jordan Chiles,39.0,10.005600000000001,Rank
34,6,Robert Irwin,36.0,9.9954,Rank
34,6,Scott Hoying,28.0,9.970200000000002,Rank
34,6,Whitney Leavitt,39.0,10.0082,Rank
34,7,Alix Earle,43.0,11.110111111111113,Rank
34,7,Andy Richter,29.0,11.126311111111105,Rank
34,7,Danielle Fishel,35.0,11.111311111111107,Rank
34,7,Dylan Efron,38.0,11.120111111111106,Rank
34,7,Elaine Hendrix,32.0,11.11631111111111,Rank
34,7,Jen Affleck,34.0,11.08271111111112,Rank
34,7,Jordan Chiles,38.0,11.117111111111107,Rank
34,7,Robert Irwin,41.0,11.107111111111111,Rank
34,7,Whitney Leavitt,42.0,11.108911111111116,Rank
34,8,Alix Earle,38.5,12.501099999999997,Rank
34,8,Andy Richter,34.0,12.508799999999995,Rank
34,8,Danielle Fishel,37.0,12.477200000000014,Rank
34,8,Dylan Efron,38.0,12.4998,Rank
34,8,Elaine Hendrix,37.5,12.510799999999989,Rank
34,8,Jordan Chiles,39.0,12.501000000000003,Rank
34,8,Robert Irwin,38.0,12.5023,Rank
34,8,Whitney Leavitt,39.5,12.499000000000006,Rank
34,9,Alix Earle,40.0,14.286514285714286,Rank
34,9,Andy Richter,29.0,14.271814285714282,Rank
34,9,Dylan Efron,42.0,14.282914285714284,Rank
34,9,Elaine Hendrix,36.0,14.293214285714285,Rank
34,9,Jordan Chiles,39.0,14.29211428571428,Rank
34,9,Robert Irwin,42.0,14.288414285714277,Rank
34,9,Whitney Leavitt,42.0,14.28501428571428,Rank
34,10,Alix Earle,29.0,16.6624358974359,Rank
34,10,Dylan Efron,27.5,16.687051282051286,Rank
34,10,Elaine Hendrix,28.5,16.67358974358975,Rank
34,10,Jordan Chiles,28.5,16.673589743589748,Rank
34,10,Robert Irwin,29.5,16.660897435897436,Rank
34,10,Whitney Leavitt,29.0,16.642435897435895,Rank
34,11,Alix Earle,30.0,20.0,Rank
34,11,Dylan Efron,29.3332,20.0,Rank
34,11,Elaine Hendrix,28.9998,20.0,Rank
34,11,Jordan Chiles,29.666600000000003,20.0,Rank
34,11,Robert Irwin,29.666600000000003,20.0,Rank
